studyID	BIOENTITY		term	iri		
MTBLS1	metabo_561	Technology	NMR spectroscopy	http://purl.obolibrary.org/obo/OBI_0000623	Jiakang Chang	30/11/2018 12:00
MTBLS2	metabo_562	Technology	mass spectrometry	http://purl.obolibrary.org/obo/OBI_0001478	Jiakang Chang	30/11/2018 12:00
MTBLS3	metabo_562	Technology	mass spectrometry	http://purl.obolibrary.org/obo/OBI_0001478	Jiakang Chang	30/11/2018 12:00
MTBLS4	metabo_562	Technology	mass spectrometry	http://purl.obolibrary.org/obo/OBI_0000470	Jiakang Chang	30/11/2018 12:00
MTBLS5	metabo_562	Technology	mass spectrometry	http://purl.obolibrary.org/obo/OBI_0000470	Jiakang Chang	30/11/2018 12:00
MTBLS6	metabo_562	Technology	mass spectrometry	http://purl.obolibrary.org/obo/OBI_0000470	Jiakang Chang	30/11/2018 12:00
MTBLS7	metabo_562	Technology	mass spectrometry	http://purl.obolibrary.org/obo/OBI_0000470	Jiakang Chang	30/11/2018 12:00
MTBLS8	metabo_562	Technology	mass spectrometry	http://purl.obolibrary.org/obo/OBI_0000470	Jiakang Chang	30/11/2018 12:00
MTBLS9	metabo_561	Technology	NMR spectroscopy	http://purl.obolibrary.org/obo/OBI_0000623	Jiakang Chang	30/11/2018 12:00
MTBLS10	metabo_562	Technology	mass spectrometry	http://purl.obolibrary.org/obo/OBI_0000470	Jiakang Chang	30/11/2018 12:00
MTBLS11	metabo_562	Technology	mass spectrometry	http://purl.obolibrary.org/obo/OBI_0000470	Jiakang Chang	30/11/2018 12:00
MTBLS12	metabo_562	Technology	mass spectrometry	http://purl.obolibrary.org/obo/OBI_0000470	Jiakang Chang	30/11/2018 12:00
MTBLS13	metabo_562	Technology	mass spectrometry	http://purl.obolibrary.org/obo/OBI_0000470	Jiakang Chang	30/11/2018 12:00
MTBLS14	metabo_562	Technology	mass spectrometry	http://purl.obolibrary.org/obo/OBI_0000470	Jiakang Chang	30/11/2018 12:00
MTBLS15	metabo_562	Technology	mass spectrometry	http://purl.obolibrary.org/obo/OBI_0000470	Jiakang Chang	30/11/2018 12:00
MTBLS16	metabo_562	Technology	mass spectrometry	http://purl.obolibrary.org/obo/OBI_0000470	Jiakang Chang	30/11/2018 12:00
MTBLS17	metabo_562	Technology	mass spectrometry	http://purl.obolibrary.org/obo/OBI_0000470	Jiakang Chang	30/11/2018 12:00
MTBLS18	metabo_562	Technology	mass spectrometry	http://purl.obolibrary.org/obo/OBI_0001478	Jiakang Chang	30/11/2018 12:00
MTBLS19	metabo_562	Technology	mass spectrometry	http://purl.obolibrary.org/obo/OBI_0000470	Jiakang Chang	30/11/2018 12:00
MTBLS20	metabo_562	Technology	mass spectrometry	http://purl.obolibrary.org/obo/OBI_0000470	Jiakang Chang	30/11/2018 12:00
MTBLS21	metabo_562	Technology	mass spectrometry	http://purl.obolibrary.org/obo/OBI_0000470	Jiakang Chang	30/11/2018 12:00
MTBLS22	metabo_562	Technology	mass spectrometry	http://purl.obolibrary.org/obo/OBI_0000470	Jiakang Chang	30/11/2018 12:00
MTBLS23	metabo_562	Technology	mass spectrometry	http://purl.obolibrary.org/obo/OBI_0000470	Jiakang Chang	30/11/2018 12:00
MTBLS24	metabo_561	Technology	NMR spectroscopy	http://purl.obolibrary.org/obo/OBI_0000623	Jiakang Chang	30/11/2018 12:00
MTBLS25	metabo_561	Technology	NMR spectroscopy	http://purl.obolibrary.org/obo/OBI_0000623	Jiakang Chang	30/11/2018 12:00
MTBLS26	metabo_562	Technology	mass spectrometry	http://purl.obolibrary.org/obo/OBI_0001478	Jiakang Chang	30/11/2018 12:00
MTBLS27	metabo_562	Technology	mass spectrometry	http://purl.obolibrary.org/obo/OBI_0000470	Jiakang Chang	30/11/2018 12:00
MTBLS28	metabo_562	Technology	mass spectrometry	http://purl.obolibrary.org/obo/OBI_0000470	Jiakang Chang	30/11/2018 12:00
MTBLS29	metabo_562	Technology	mass spectrometry	http://purl.obolibrary.org/obo/OBI_0000470	Jiakang Chang	30/11/2018 12:00
MTBLS30	metabo_562	Technology	mass spectrometry	http://purl.obolibrary.org/obo/OBI_0000470	Jiakang Chang	30/11/2018 12:00
MTBLS31	metabo_562	Technology	mass spectrometry	http://purl.obolibrary.org/obo/OBI_0000470	Jiakang Chang	30/11/2018 12:00
MTBLS32	metabo_562	Technology	mass spectrometry	http://purl.obolibrary.org/obo/OBI_0000470	Jiakang Chang	30/11/2018 12:00
MTBLS33	metabo_562	Technology	mass spectrometry	http://purl.obolibrary.org/obo/OBI_0000470	Jiakang Chang	30/11/2018 12:00
MTBLS34	metabo_562	Technology	mass spectrometry	http://purl.obolibrary.org/obo/OBI_0000470	Jiakang Chang	30/11/2018 12:00
MTBLS35	metabo_562	Technology	mass spectrometry	http://purl.obolibrary.org/obo/OBI_0000470	Jiakang Chang	30/11/2018 12:00
MTBLS36	metabo_562	Technology	mass spectrometry	http://purl.obolibrary.org/obo/OBI_0000470	Jiakang Chang	30/11/2018 12:00
MTBLS37	metabo_562	Technology	mass spectrometry	http://purl.obolibrary.org/obo/OBI_0000470	Jiakang Chang	30/11/2018 12:00
MTBLS38	metabo_562	Technology	mass spectrometry	http://purl.obolibrary.org/obo/OBI_0000470	Jiakang Chang	30/11/2018 12:00
MTBLS39	metabo_562	Technology	mass spectrometry	http://purl.obolibrary.org/obo/OBI_0000470	Jiakang Chang	30/11/2018 12:00
MTBLS40	metabo_562	Technology	mass spectrometry	http://purl.obolibrary.org/obo/OBI_0000470	Jiakang Chang	30/11/2018 12:00
MTBLS41	metabo_562	Technology	mass spectrometry	http://purl.obolibrary.org/obo/OBI_0000470	Jiakang Chang	30/11/2018 12:00
MTBLS42	metabo_562	Technology	mass spectrometry	http://purl.obolibrary.org/obo/OBI_0000470	Jiakang Chang	30/11/2018 12:00
MTBLS43	metabo_562	Technology	mass spectrometry	http://purl.obolibrary.org/obo/OBI_0000470	Jiakang Chang	30/11/2018 12:00
MTBLS44	metabo_562	Technology	mass spectrometry	http://purl.obolibrary.org/obo/OBI_0000470	Jiakang Chang	30/11/2018 12:00
MTBLS45	metabo_562	Technology	mass spectrometry	http://purl.obolibrary.org/obo/OBI_0000470	Jiakang Chang	30/11/2018 12:00
MTBLS46	metabo_561	Technology	NMR spectroscopy	http://purl.obolibrary.org/obo/OBI_0000623	Jiakang Chang	30/11/2018 12:00
MTBLS47	metabo_562	Technology	mass spectrometry	http://purl.obolibrary.org/obo/OBI_0000470	Jiakang Chang	30/11/2018 12:00
MTBLS48	metabo_561	Technology	NMR spectroscopy	http://purl.obolibrary.org/obo/OBI_0000623	Jiakang Chang	30/11/2018 12:00
MTBLS49	metabo_562	Technology	mass spectrometry	http://purl.obolibrary.org/obo/OBI_0000470	Jiakang Chang	30/11/2018 12:00
MTBLS50	metabo_562	Technology	mass spectrometry	http://purl.obolibrary.org/obo/OBI_0000470	Jiakang Chang	30/11/2018 12:00
MTBLS51	metabo_562	Technology	mass spectrometry	http://purl.obolibrary.org/obo/OBI_0000470	Jiakang Chang	30/11/2018 12:00
MTBLS52	metabo_562	Technology	mass spectrometry	http://purl.obolibrary.org/obo/OBI_0000470	Jiakang Chang	30/11/2018 12:00
MTBLS53	metabo_562	Technology	mass spectrometry	http://purl.obolibrary.org/obo/OBI_0000470	Jiakang Chang	30/11/2018 12:00
MTBLS54	metabo_562	Technology	mass spectrometry	http://purl.obolibrary.org/obo/OBI_0000470	Jiakang Chang	30/11/2018 12:00
MTBLS55	metabo_562	Technology	mass spectrometry	http://purl.obolibrary.org/obo/OBI_0000470	Jiakang Chang	30/11/2018 12:00
MTBLS56	metabo_561	Technology	NMR spectroscopy	http://purl.obolibrary.org/obo/OBI_0000623	Jiakang Chang	30/11/2018 12:00
MTBLS57	metabo_562	Technology	mass spectrometry	http://purl.obolibrary.org/obo/OBI_0000470	Jiakang Chang	30/11/2018 12:00
MTBLS58	metabo_562	Technology	mass spectrometry	http://purl.obolibrary.org/obo/OBI_0000470	Jiakang Chang	30/11/2018 12:00
MTBLS59	metabo_562	Technology	mass spectrometry	http://purl.obolibrary.org/obo/OBI_0000470	Jiakang Chang	30/11/2018 12:00
MTBLS60	metabo_562	Technology	mass spectrometry	http://purl.obolibrary.org/obo/OBI_0000470	Jiakang Chang	30/11/2018 12:00
MTBLS61	metabo_562	Technology	mass spectrometry	http://purl.obolibrary.org/obo/OBI_0000470	Jiakang Chang	30/11/2018 12:00
MTBLS62	metabo_562	Technology	mass spectrometry	http://purl.obolibrary.org/obo/OBI_0000470	Jiakang Chang	30/11/2018 12:00
MTBLS63	metabo_562	Technology	mass spectrometry	http://purl.obolibrary.org/obo/OBI_0000470	Jiakang Chang	30/11/2018 12:00
MTBLS64	metabo_562	Technology	mass spectrometry	http://purl.obolibrary.org/obo/OBI_0000470	Jiakang Chang	30/11/2018 12:00
MTBLS65	metabo_562	Technology	mass spectrometry	http://purl.obolibrary.org/obo/OBI_0000470	Jiakang Chang	30/11/2018 12:00
MTBLS66	metabo_562	Technology	mass spectrometry	http://purl.obolibrary.org/obo/OBI_0000470	Jiakang Chang	30/11/2018 12:00
MTBLS67	metabo_562	Technology	mass spectrometry	http://purl.obolibrary.org/obo/OBI_0000470	Jiakang Chang	30/11/2018 12:00
MTBLS68	metabo_562	Technology	mass spectrometry	http://purl.obolibrary.org/obo/OBI_0000470	Jiakang Chang	30/11/2018 12:00
MTBLS69	metabo_562	Technology	mass spectrometry	http://purl.obolibrary.org/obo/OBI_0000470	Jiakang Chang	30/11/2018 12:00
MTBLS70	metabo_562	Technology	mass spectrometry	http://purl.obolibrary.org/obo/OBI_0000470	Jiakang Chang	30/11/2018 12:00
MTBLS71	metabo_562	Technology	mass spectrometry	http://purl.obolibrary.org/obo/OBI_0000470	Jiakang Chang	30/11/2018 12:00
MTBLS72	metabo_562	Technology	mass spectrometry	http://purl.obolibrary.org/obo/OBI_0000470	Jiakang Chang	30/11/2018 12:00
MTBLS73	metabo_562	Technology	mass spectrometry	http://purl.obolibrary.org/obo/OBI_0000470	Jiakang Chang	30/11/2018 12:00
MTBLS74	metabo_562	Technology	mass spectrometry	http://purl.obolibrary.org/obo/OBI_0001478	Jiakang Chang	30/11/2018 12:00
MTBLS75	metabo_562	Technology	mass spectrometry	http://purl.obolibrary.org/obo/OBI_0000623	Jiakang Chang	30/11/2018 12:00
MTBLS76	metabo_562	Technology	mass spectrometry	http://purl.obolibrary.org/obo/OBI_0000470	Jiakang Chang	30/11/2018 12:00
MTBLS77	metabo_561	Technology	NMR spectroscopy	http://purl.obolibrary.org/obo/OBI_0000623	Jiakang Chang	30/11/2018 12:00
MTBLS79	metabo_562	Technology	mass spectrometry	http://purl.obolibrary.org/obo/OBI_0000470	Jiakang Chang	30/11/2018 12:00
MTBLS81	metabo_562	Technology	mass spectrometry	http://purl.obolibrary.org/obo/OBI_0001478	Jiakang Chang	30/11/2018 12:00
MTBLS83	metabo_562	Technology	mass spectrometry	http://purl.obolibrary.org/obo/OBI_0000470	Jiakang Chang	30/11/2018 12:00
MTBLS84	metabo_562	Technology	mass spectrometry	http://purl.obolibrary.org/obo/OBI_0000470	Jiakang Chang	30/11/2018 12:00
MTBLS85	metabo_562	Technology	mass spectrometry	http://purl.obolibrary.org/obo/OBI_0001478	Jiakang Chang	30/11/2018 12:00
MTBLS86	metabo_562	Technology	mass spectrometry	http://purl.obolibrary.org/obo/OBI_0001478	Jiakang Chang	30/11/2018 12:00
MTBLS87	metabo_562	Technology	mass spectrometry	http://purl.obolibrary.org/obo/OBI_0000470	Jiakang Chang	30/11/2018 12:00
MTBLS88	metabo_562	Technology	mass spectrometry	http://purl.obolibrary.org/obo/OBI_0000470	Jiakang Chang	30/11/2018 12:00
MTBLS89	metabo_562	Technology	mass spectrometry	http://purl.obolibrary.org/obo/OBI_0000470	Jiakang Chang	30/11/2018 12:00
MTBLS90	metabo_562	Technology	mass spectrometry	http://purl.obolibrary.org/obo/OBI_0000470	Jiakang Chang	30/11/2018 12:00
MTBLS91	metabo_562	Technology	mass spectrometry	http://purl.obolibrary.org/obo/OBI_0001478	Jiakang Chang	30/11/2018 12:00
MTBLS92	metabo_562	Technology	mass spectrometry	http://purl.obolibrary.org/obo/OBI_0001478	Jiakang Chang	30/11/2018 12:00
MTBLS93	metabo_562	Technology	mass spectrometry	http://purl.obolibrary.org/obo/OBI_0000470	Jiakang Chang	30/11/2018 12:00
MTBLS94	metabo_562	Technology	mass spectrometry	http://purl.obolibrary.org/obo/OBI_0000470	Jiakang Chang	30/11/2018 12:00
MTBLS95	metabo_562	Technology	mass spectrometry	http://purl.obolibrary.org/obo/OBI_0000470	Jiakang Chang	30/11/2018 12:00
MTBLS96	metabo_562	Technology	mass spectrometry	http://purl.obolibrary.org/obo/OBI_0000470	Jiakang Chang	30/11/2018 12:00
MTBLS97	metabo_562	Technology	mass spectrometry	http://purl.obolibrary.org/obo/OBI_0001478	Jiakang Chang	30/11/2018 12:00
MTBLS98	metabo_562	Technology	mass spectrometry	http://purl.obolibrary.org/obo/OBI_0000470	Jiakang Chang	30/11/2018 12:00
MTBLS99	metabo_562	Technology	mass spectrometry	http://purl.obolibrary.org/obo/OBI_0000470	Jiakang Chang	30/11/2018 12:00
MTBLS100	metabo_561	Technology	NMR spectroscopy	http://purl.obolibrary.org/obo/OBI_0000623	Jiakang Chang	30/11/2018 12:00
MTBLS101	metabo_561	Technology	NMR spectroscopy	http://purl.obolibrary.org/obo/OBI_0000623	Jiakang Chang	30/11/2018 12:00
MTBLS102	metabo_561	Technology	NMR spectroscopy	http://purl.obolibrary.org/obo/OBI_0000623	Jiakang Chang	30/11/2018 12:00
MTBLS103	metabo_562	Technology	mass spectrometry	http://purl.obolibrary.org/obo/OBI_0000623	Jiakang Chang	30/11/2018 12:00
MTBLS103	metabo_561	Technology	NMR spectroscopy	http://purl.obolibrary.org/obo/OBI_0000470	Jiakang Chang	30/11/2018 12:00
MTBLS104	metabo_561	Technology	NMR spectroscopy	http://purl.obolibrary.org/obo/OBI_0000623	Jiakang Chang	30/11/2018 12:00
MTBLS105	metabo_562	Technology	mass spectrometry	http://purl.obolibrary.org/obo/OBI_0000470	Jiakang Chang	30/11/2018 12:00
MTBLS106	metabo_562	Technology	mass spectrometry	http://purl.obolibrary.org/obo/OBI_0000470	Jiakang Chang	30/11/2018 12:00
MTBLS107	metabo_562	Technology	mass spectrometry	http://purl.obolibrary.org/obo/OBI_0000470	Jiakang Chang	30/11/2018 12:00
MTBLS108	metabo_562	Technology	mass spectrometry	http://purl.obolibrary.org/obo/OBI_0000470	Jiakang Chang	30/11/2018 12:00
MTBLS109	metabo_562	Technology	mass spectrometry	http://purl.obolibrary.org/obo/OBI_0000470	Jiakang Chang	30/11/2018 12:00
MTBLS110	metabo_562	Technology	mass spectrometry	http://purl.obolibrary.org/obo/OBI_0000470	Jiakang Chang	30/11/2018 12:00
MTBLS111	metabo_562	Technology	mass spectrometry	http://purl.obolibrary.org/obo/OBI_0000470	Jiakang Chang	30/11/2018 12:00
MTBLS112	metabo_562	Technology	mass spectrometry	http://purl.obolibrary.org/obo/OBI_0000470	Jiakang Chang	30/11/2018 12:00
MTBLS113	metabo_562	Technology	mass spectrometry	http://purl.obolibrary.org/obo/OBI_0000470	Jiakang Chang	30/11/2018 12:00
MTBLS114	metabo_561	Technology	NMR spectroscopy	http://purl.obolibrary.org/obo/OBI_0000623	Jiakang Chang	30/11/2018 12:00
MTBLS115	metabo_561	Technology	NMR spectroscopy	http://purl.obolibrary.org/obo/OBI_0000623	Jiakang Chang	30/11/2018 12:00
MTBLS116	metabo_561	Technology	NMR spectroscopy	http://purl.obolibrary.org/obo/OBI_0000623	Jiakang Chang	30/11/2018 12:00
MTBLS117	metabo_562	Technology	mass spectrometry	http://purl.obolibrary.org/obo/OBI_0000470	Jiakang Chang	30/11/2018 12:00
MTBLS118	metabo_562	Technology	mass spectrometry	http://purl.obolibrary.org/obo/OBI_0000470	Jiakang Chang	30/11/2018 12:00
MTBLS119	metabo_562	Technology	mass spectrometry	http://purl.obolibrary.org/obo/OBI_0000470	Jiakang Chang	30/11/2018 12:00
MTBLS120	metabo_562	Technology	mass spectrometry	http://purl.obolibrary.org/obo/OBI_0000470	Jiakang Chang	30/11/2018 12:00
MTBLS121	metabo_562	Technology	mass spectrometry	http://purl.obolibrary.org/obo/OBI_0000470	Jiakang Chang	30/11/2018 12:00
MTBLS122	metabo_561	Technology	NMR spectroscopy	http://purl.obolibrary.org/obo/OBI_0000623	Jiakang Chang	30/11/2018 12:00
MTBLS123	metabo_561	Technology	NMR spectroscopy	http://purl.obolibrary.org/obo/OBI_0000623	Jiakang Chang	30/11/2018 12:00
MTBLS124	metabo_562	Technology	mass spectrometry	http://purl.obolibrary.org/obo/OBI_0000470	Jiakang Chang	30/11/2018 12:00
MTBLS125	metabo_562	Technology	mass spectrometry	http://purl.obolibrary.org/obo/OBI_0000470	Jiakang Chang	30/11/2018 12:00
MTBLS126	metabo_562	Technology	mass spectrometry	http://purl.obolibrary.org/obo/OBI_0000470	Jiakang Chang	30/11/2018 12:00
MTBLS127	metabo_562	Technology	mass spectrometry	http://purl.obolibrary.org/obo/OBI_0000470	Jiakang Chang	30/11/2018 12:00
MTBLS128	metabo_562	Technology	mass spectrometry	http://purl.obolibrary.org/obo/OBI_0001478	Jiakang Chang	30/11/2018 12:00
MTBLS129	metabo_562	Technology	mass spectrometry	http://purl.obolibrary.org/obo/OBI_0000470	Jiakang Chang	30/11/2018 12:00
MTBLS130	metabo_562	Technology	mass spectrometry	http://purl.obolibrary.org/obo/OBI_0000470	Jiakang Chang	30/11/2018 12:00
MTBLS131	metabo_561	Technology	NMR spectroscopy	http://purl.obolibrary.org/obo/OBI_0000623	Jiakang Chang	30/11/2018 12:00
MTBLS132	metabo_561	Technology	NMR spectroscopy	http://purl.obolibrary.org/obo/OBI_0000623	Jiakang Chang	30/11/2018 12:00
MTBLS133	metabo_561	Technology	NMR spectroscopy	http://purl.obolibrary.org/obo/OBI_0000623	Jiakang Chang	30/11/2018 12:00
MTBLS134	metabo_561	Technology	NMR spectroscopy	http://purl.obolibrary.org/obo/OBI_0000623	Jiakang Chang	30/11/2018 12:00
MTBLS135	metabo_562	Technology	mass spectrometry	http://purl.obolibrary.org/obo/OBI_0000470	Jiakang Chang	30/11/2018 12:00
MTBLS136	metabo_562	Technology	mass spectrometry	http://purl.obolibrary.org/obo/OBI_0000470	Jiakang Chang	30/11/2018 12:00
MTBLS137	metabo_562	Technology	mass spectrometry	http://purl.obolibrary.org/obo/OBI_0000470	Jiakang Chang	30/11/2018 12:00
MTBLS138	metabo_562	Technology	mass spectrometry	http://purl.obolibrary.org/obo/OBI_0000470	Jiakang Chang	30/11/2018 12:00
MTBLS139	metabo_562	Technology	mass spectrometry	http://purl.obolibrary.org/obo/OBI_0000470	Jiakang Chang	30/11/2018 12:00
MTBLS140	metabo_562	Technology	mass spectrometry	http://purl.obolibrary.org/obo/OBI_0000470	Jiakang Chang	30/11/2018 12:00
MTBLS141	metabo_562	Technology	mass spectrometry	http://purl.obolibrary.org/obo/OBI_0000470	Jiakang Chang	30/11/2018 12:00
MTBLS142	metabo_562	Technology	mass spectrometry	http://purl.obolibrary.org/obo/OBI_0000470	Jiakang Chang	30/11/2018 12:00
MTBLS143	metabo_562	Technology	mass spectrometry	http://purl.obolibrary.org/obo/OBI_0000470	Jiakang Chang	30/11/2018 12:00
MTBLS144	metabo_562	Technology	mass spectrometry	http://purl.obolibrary.org/obo/OBI_0000470	Jiakang Chang	30/11/2018 12:00
MTBLS145	metabo_562	Technology	mass spectrometry	http://purl.obolibrary.org/obo/OBI_0000470	Jiakang Chang	30/11/2018 12:00
MTBLS146	metabo_562	Technology	mass spectrometry	http://purl.obolibrary.org/obo/OBI_0000470	Jiakang Chang	30/11/2018 12:00
MTBLS147	metabo_561	Technology	NMR spectroscopy	http://purl.obolibrary.org/obo/OBI_0000623	Jiakang Chang	30/11/2018 12:00
MTBLS148	metabo_562	Technology	mass spectrometry	http://purl.obolibrary.org/obo/OBI_0000470	Jiakang Chang	30/11/2018 12:00
MTBLS149	metabo_561	Technology	NMR spectroscopy	http://purl.obolibrary.org/obo/OBI_0000623	Jiakang Chang	30/11/2018 12:00
MTBLS150	metabo_562	Technology	mass spectrometry	http://purl.obolibrary.org/obo/OBI_0000470	Jiakang Chang	30/11/2018 12:00
MTBLS151	metabo_561	Technology	NMR spectroscopy	http://purl.obolibrary.org/obo/OBI_0000623	Jiakang Chang	30/11/2018 12:00
MTBLS152	metabo_562	Technology	mass spectrometry	http://purl.obolibrary.org/obo/OBI_0000470	Jiakang Chang	30/11/2018 12:00
MTBLS153	metabo_562	Technology	mass spectrometry	http://purl.obolibrary.org/obo/OBI_0000470	Jiakang Chang	30/11/2018 12:00
MTBLS154	metabo_562	Technology	mass spectrometry	http://purl.obolibrary.org/obo/OBI_0000470	Jiakang Chang	30/11/2018 12:00
MTBLS155	metabo_562	Technology	mass spectrometry	http://purl.obolibrary.org/obo/OBI_0000470	Jiakang Chang	30/11/2018 12:00
MTBLS156	metabo_561	Technology	NMR spectroscopy	http://purl.obolibrary.org/obo/OBI_0000623	Jiakang Chang	30/11/2018 12:00
MTBLS157	metabo_562	Technology	mass spectrometry	http://purl.obolibrary.org/obo/OBI_0000470	Jiakang Chang	30/11/2018 12:00
MTBLS158	metabo_562	Technology	mass spectrometry	http://purl.obolibrary.org/obo/OBI_0000470	Jiakang Chang	30/11/2018 12:00
MTBLS159	metabo_562	Technology	mass spectrometry	http://purl.obolibrary.org/obo/OBI_0000470	Jiakang Chang	30/11/2018 12:00
MTBLS160	metabo_562	Technology	mass spectrometry	http://purl.obolibrary.org/obo/OBI_0000470	Jiakang Chang	30/11/2018 12:00
MTBLS161	metabo_561	Technology	NMR spectroscopy	http://purl.obolibrary.org/obo/OBI_0000623	Jiakang Chang	30/11/2018 12:00
MTBLS162	metabo_562	Technology	mass spectrometry	http://purl.obolibrary.org/obo/OBI_0000470	Jiakang Chang	30/11/2018 12:00
MTBLS163	metabo_562	Technology	mass spectrometry	http://purl.obolibrary.org/obo/OBI_0000470	Jiakang Chang	30/11/2018 12:00
MTBLS164	metabo_562	Technology	mass spectrometry	http://purl.obolibrary.org/obo/OBI_0000470	Jiakang Chang	30/11/2018 12:00
MTBLS165	metabo_562	Technology	mass spectrometry	http://purl.obolibrary.org/obo/OBI_0000470	Jiakang Chang	30/11/2018 12:00
MTBLS166	metabo_561	Technology	NMR spectroscopy	http://purl.obolibrary.org/obo/OBI_0000623	Jiakang Chang	30/11/2018 12:00
MTBLS167	metabo_562	Technology	mass spectrometry	http://purl.obolibrary.org/obo/OBI_0000470	Jiakang Chang	30/11/2018 12:00
MTBLS168	metabo_562	Technology	mass spectrometry	http://purl.obolibrary.org/obo/OBI_0000470	Jiakang Chang	30/11/2018 12:00
MTBLS169	metabo_562	Technology	mass spectrometry	http://purl.obolibrary.org/obo/OBI_0001478	Jiakang Chang	30/11/2018 12:00
MTBLS170	metabo_562	Technology	mass spectrometry	http://purl.obolibrary.org/obo/OBI_0000470	Jiakang Chang	30/11/2018 12:00
MTBLS171	metabo_562	Technology	mass spectrometry	http://purl.obolibrary.org/obo/OBI_0000470	Jiakang Chang	30/11/2018 12:00
MTBLS172	metabo_561	Technology	NMR spectroscopy	http://purl.obolibrary.org/obo/OBI_0000623	Jiakang Chang	30/11/2018 12:00
MTBLS173	metabo_562	Technology	mass spectrometry	http://purl.obolibrary.org/obo/OBI_0000470	Jiakang Chang	30/11/2018 12:00
MTBLS174	metabo_561	Technology	NMR spectroscopy	http://purl.obolibrary.org/obo/OBI_0000623	Jiakang Chang	30/11/2018 12:00
MTBLS175	metabo_562	Technology	mass spectrometry	http://purl.obolibrary.org/obo/OBI_0000470	Jiakang Chang	30/11/2018 12:00
MTBLS176	metabo_562	Technology	mass spectrometry	http://purl.obolibrary.org/obo/OBI_0000470	Jiakang Chang	30/11/2018 12:00
MTBLS177	metabo_561	Technology	NMR spectroscopy	http://purl.obolibrary.org/obo/OBI_0000623	Jiakang Chang	30/11/2018 12:00
MTBLS178	metabo_562	Technology	mass spectrometry	http://purl.obolibrary.org/obo/OBI_0000470	Jiakang Chang	30/11/2018 12:00
MTBLS179	metabo_562	Technology	mass spectrometry	http://purl.obolibrary.org/obo/OBI_0000470	Jiakang Chang	30/11/2018 12:00
MTBLS180	metabo_562	Technology	mass spectrometry	http://purl.obolibrary.org/obo/OBI_0000470	Jiakang Chang	30/11/2018 12:00
MTBLS181	metabo_562	Technology	mass spectrometry	http://purl.obolibrary.org/obo/OBI_0000470	Jiakang Chang	30/11/2018 12:00
MTBLS182	metabo_562	Technology	mass spectrometry	http://purl.obolibrary.org/obo/OBI_0000470	Jiakang Chang	30/11/2018 12:00
MTBLS183	metabo_562	Technology	mass spectrometry	http://purl.obolibrary.org/obo/OBI_0000470	Jiakang Chang	30/11/2018 12:00
MTBLS184	metabo_562	Technology	mass spectrometry	http://purl.obolibrary.org/obo/OBI_0000470	Jiakang Chang	30/11/2018 12:00
MTBLS185	metabo_562	Technology	mass spectrometry	http://purl.obolibrary.org/obo/OBI_0000470	Jiakang Chang	30/11/2018 12:00
MTBLS186	metabo_562	Technology	mass spectrometry	http://purl.obolibrary.org/obo/OBI_0000470	Jiakang Chang	30/11/2018 12:00
MTBLS187	metabo_562	Technology	mass spectrometry	http://purl.obolibrary.org/obo/OBI_0000470	Jiakang Chang	30/11/2018 12:00
MTBLS188	metabo_562	Technology	mass spectrometry	http://purl.obolibrary.org/obo/OBI_0000470	Jiakang Chang	30/11/2018 12:00
MTBLS189	metabo_561	Technology	NMR spectroscopy	http://purl.obolibrary.org/obo/OBI_0000623	Jiakang Chang	30/11/2018 12:00
MTBLS190	metabo_561	Technology	NMR spectroscopy	http://purl.obolibrary.org/obo/OBI_0000623	Jiakang Chang	30/11/2018 12:00
MTBLS191	metabo_562	Technology	mass spectrometry	http://purl.obolibrary.org/obo/OBI_0000470	Jiakang Chang	30/11/2018 12:00
MTBLS192	metabo_562	Technology	mass spectrometry	http://purl.obolibrary.org/obo/OBI_0000470	Jiakang Chang	30/11/2018 12:00
MTBLS193	metabo_562	Technology	mass spectrometry	http://purl.obolibrary.org/obo/OBI_0000470	Jiakang Chang	30/11/2018 12:00
MTBLS194	metabo_562	Technology	mass spectrometry	http://purl.obolibrary.org/obo/OBI_0000470	Jiakang Chang	30/11/2018 12:00
MTBLS195	metabo_562	Technology	mass spectrometry	http://purl.obolibrary.org/obo/OBI_0001478	Jiakang Chang	30/11/2018 12:00
MTBLS196	metabo_562	Technology	mass spectrometry	http://purl.obolibrary.org/obo/OBI_0000470	Jiakang Chang	30/11/2018 12:00
MTBLS197	metabo_562	Technology	mass spectrometry	http://purl.obolibrary.org/obo/OBI_0000470	Jiakang Chang	30/11/2018 12:00
MTBLS198	metabo_562	Technology	mass spectrometry	http://purl.obolibrary.org/obo/OBI_0000470	Jiakang Chang	30/11/2018 12:00
MTBLS199	metabo_562	Technology	mass spectrometry	http://purl.obolibrary.org/obo/OBI_0000470	Jiakang Chang	30/11/2018 12:00
MTBLS200	metabo_562	Technology	mass spectrometry	http://purl.obolibrary.org/obo/OBI_0000623	Jiakang Chang	30/11/2018 12:00
MTBLS200	metabo_561	Technology	NMR spectroscopy	http://purl.obolibrary.org/obo/OBI_0000470	Jiakang Chang	30/11/2018 12:00
MTBLS201	metabo_562	Technology	mass spectrometry	http://purl.obolibrary.org/obo/OBI_0000470	Jiakang Chang	30/11/2018 12:00
MTBLS202	metabo_562	Technology	mass spectrometry	http://purl.obolibrary.org/obo/OBI_0001478	Jiakang Chang	30/11/2018 12:00
MTBLS203	metabo_562	Technology	mass spectrometry	http://purl.obolibrary.org/obo/OBI_0000470	Jiakang Chang	30/11/2018 12:00
MTBLS204	metabo_562	Technology	mass spectrometry	http://purl.obolibrary.org/obo/OBI_0000470	Jiakang Chang	30/11/2018 12:00
MTBLS205	metabo_562	Technology	mass spectrometry	http://purl.obolibrary.org/obo/OBI_0000470	Jiakang Chang	30/11/2018 12:00
MTBLS206	metabo_562	Technology	mass spectrometry	http://purl.obolibrary.org/obo/OBI_0000470	Jiakang Chang	30/11/2018 12:00
MTBLS207	metabo_562	Technology	mass spectrometry	http://purl.obolibrary.org/obo/OBI_0000470	Jiakang Chang	30/11/2018 12:00
MTBLS208	metabo_562	Technology	mass spectrometry	http://purl.obolibrary.org/obo/OBI_0000470	Jiakang Chang	30/11/2018 12:00
MTBLS209	metabo_562	Technology	mass spectrometry	http://purl.obolibrary.org/obo/OBI_0000470	Jiakang Chang	30/11/2018 12:00
MTBLS210	metabo_562	Technology	mass spectrometry	http://purl.obolibrary.org/obo/OBI_0000470	Jiakang Chang	30/11/2018 12:00
MTBLS211	metabo_562	Technology	mass spectrometry	http://purl.obolibrary.org/obo/OBI_0000470	Jiakang Chang	30/11/2018 12:00
MTBLS212	metabo_562	Technology	mass spectrometry	http://purl.obolibrary.org/obo/OBI_0000470	Jiakang Chang	30/11/2018 12:00
MTBLS213	metabo_562	Technology	mass spectrometry	http://purl.obolibrary.org/obo/OBI_0000470	Jiakang Chang	30/11/2018 12:00
MTBLS214	metabo_562	Technology	mass spectrometry	http://purl.obolibrary.org/obo/OBI_0000470	Jiakang Chang	30/11/2018 12:00
MTBLS215	metabo_562	Technology	mass spectrometry	http://purl.obolibrary.org/obo/OBI_0000470	Jiakang Chang	30/11/2018 12:00
MTBLS216	metabo_562	Technology	mass spectrometry	http://purl.obolibrary.org/obo/OBI_0000470	Jiakang Chang	30/11/2018 12:00
MTBLS217	metabo_562	Technology	mass spectrometry	http://purl.obolibrary.org/obo/OBI_0000470	Jiakang Chang	30/11/2018 12:00
MTBLS218	metabo_562	Technology	mass spectrometry	http://purl.obolibrary.org/obo/OBI_0000470	Jiakang Chang	30/11/2018 12:00
MTBLS219	metabo_562	Technology	mass spectrometry	http://purl.obolibrary.org/obo/OBI_0000470	Jiakang Chang	30/11/2018 12:00
MTBLS220	metabo_562	Technology	mass spectrometry	http://purl.obolibrary.org/obo/OBI_0000470	Jiakang Chang	30/11/2018 12:00
MTBLS221	metabo_562	Technology	mass spectrometry	http://purl.obolibrary.org/obo/OBI_0000470	Jiakang Chang	30/11/2018 12:00
MTBLS222	metabo_562	Technology	mass spectrometry	http://purl.obolibrary.org/obo/OBI_0000470	Jiakang Chang	30/11/2018 12:00
MTBLS223	metabo_562	Technology	mass spectrometry	http://purl.obolibrary.org/obo/OBI_0000470	Jiakang Chang	30/11/2018 12:00
MTBLS224	metabo_562	Technology	mass spectrometry	http://purl.obolibrary.org/obo/OBI_0000470	Jiakang Chang	30/11/2018 12:00
MTBLS225	metabo_562	Technology	mass spectrometry	http://purl.obolibrary.org/obo/OBI_0000470	Jiakang Chang	30/11/2018 12:00
MTBLS226	metabo_562	Technology	mass spectrometry	http://purl.obolibrary.org/obo/OBI_0000470	Jiakang Chang	30/11/2018 12:00
MTBLS227	metabo_562	Technology	mass spectrometry	http://purl.obolibrary.org/obo/OBI_0000470	Jiakang Chang	30/11/2018 12:00
MTBLS228	metabo_562	Technology	mass spectrometry	http://purl.obolibrary.org/obo/OBI_0000470	Jiakang Chang	30/11/2018 12:00
MTBLS229	metabo_562	Technology	mass spectrometry	http://purl.obolibrary.org/obo/OBI_0000470	Jiakang Chang	30/11/2018 12:00
MTBLS230	metabo_561	Technology	NMR spectroscopy	http://purl.obolibrary.org/obo/OBI_0000623	Jiakang Chang	30/11/2018 12:00
MTBLS231	metabo_562	Technology	mass spectrometry	http://purl.obolibrary.org/obo/OBI_0000470	Jiakang Chang	30/11/2018 12:00
MTBLS232	metabo_562	Technology	mass spectrometry	http://purl.obolibrary.org/obo/OBI_0000470	Jiakang Chang	30/11/2018 12:00
MTBLS233	metabo_562	Technology	mass spectrometry	http://purl.obolibrary.org/obo/OBI_0000470	Jiakang Chang	30/11/2018 12:00
MTBLS234	metabo_562	Technology	mass spectrometry	http://purl.obolibrary.org/obo/OBI_0000470	Jiakang Chang	30/11/2018 12:00
MTBLS235	metabo_562	Technology	mass spectrometry	http://purl.obolibrary.org/obo/OBI_0000470	Jiakang Chang	30/11/2018 12:00
MTBLS236	metabo_561	Technology	NMR spectroscopy	http://purl.obolibrary.org/obo/OBI_0000623	Jiakang Chang	30/11/2018 12:00
MTBLS237	metabo_561	Technology	NMR spectroscopy	http://purl.obolibrary.org/obo/OBI_0000623	Jiakang Chang	30/11/2018 12:00
MTBLS238	metabo_561	Technology	NMR spectroscopy	http://purl.obolibrary.org/obo/OBI_0000623	Jiakang Chang	30/11/2018 12:00
MTBLS239	metabo_561	Technology	NMR spectroscopy	http://purl.obolibrary.org/obo/OBI_0000623	Jiakang Chang	30/11/2018 12:00
MTBLS240	metabo_561	Technology	NMR spectroscopy	http://purl.obolibrary.org/obo/OBI_0000623	Jiakang Chang	30/11/2018 12:00
MTBLS241	metabo_561	Technology	NMR spectroscopy	http://purl.obolibrary.org/obo/OBI_0000623	Jiakang Chang	30/11/2018 12:00
MTBLS242	metabo_561	Technology	NMR spectroscopy	http://purl.obolibrary.org/obo/OBI_0000623	Jiakang Chang	30/11/2018 12:00
MTBLS243	metabo_562	Technology	mass spectrometry	http://purl.obolibrary.org/obo/OBI_0000470	Jiakang Chang	30/11/2018 12:00
MTBLS244	metabo_562	Technology	mass spectrometry	http://purl.obolibrary.org/obo/OBI_0000470	Jiakang Chang	30/11/2018 12:00
MTBLS245	metabo_562	Technology	mass spectrometry	http://purl.obolibrary.org/obo/OBI_0000470	Jiakang Chang	30/11/2018 12:00
MTBLS246	metabo_562	Technology	mass spectrometry	http://purl.obolibrary.org/obo/OBI_0000470	Jiakang Chang	30/11/2018 12:00
MTBLS247	metabo_561	Technology	NMR spectroscopy	http://purl.obolibrary.org/obo/OBI_0000623	Jiakang Chang	30/11/2018 12:00
MTBLS248	metabo_562	Technology	mass spectrometry	http://purl.obolibrary.org/obo/OBI_0000470	Jiakang Chang	30/11/2018 12:00
MTBLS249	metabo_561	Technology	NMR spectroscopy	http://purl.obolibrary.org/obo/OBI_0000623	Jiakang Chang	30/11/2018 12:00
MTBLS250	metabo_562	Technology	mass spectrometry	http://purl.obolibrary.org/obo/OBI_0000470	Jiakang Chang	30/11/2018 12:00
MTBLS253	metabo_562	Technology	mass spectrometry	http://purl.obolibrary.org/obo/OBI_0000470	Jiakang Chang	30/11/2018 12:00
MTBLS255	metabo_562	Technology	mass spectrometry	http://purl.obolibrary.org/obo/OBI_0000470	Jiakang Chang	30/11/2018 12:00
MTBLS256	metabo_561	Technology	NMR spectroscopy	http://purl.obolibrary.org/obo/OBI_0000623	Jiakang Chang	30/11/2018 12:00
MTBLS257	metabo_562	Technology	mass spectrometry	http://purl.obolibrary.org/obo/OBI_0000470	Jiakang Chang	30/11/2018 12:00
MTBLS259	metabo_562	Technology	mass spectrometry	http://purl.obolibrary.org/obo/OBI_0000470	Jiakang Chang	30/11/2018 12:00
MTBLS260	metabo_562	Technology	mass spectrometry	http://purl.obolibrary.org/obo/OBI_0000470	Jiakang Chang	30/11/2018 12:00
MTBLS261	metabo_561	Technology	NMR spectroscopy	http://purl.obolibrary.org/obo/OBI_0000623	Jiakang Chang	30/11/2018 12:00
MTBLS263	metabo_562	Technology	mass spectrometry	http://purl.obolibrary.org/obo/OBI_0000470	Jiakang Chang	30/11/2018 12:00
MTBLS264	metabo_562	Technology	mass spectrometry	http://purl.obolibrary.org/obo/OBI_0000470	Jiakang Chang	30/11/2018 12:00
MTBLS265	metabo_562	Technology	mass spectrometry	http://purl.obolibrary.org/obo/OBI_0000470	Jiakang Chang	30/11/2018 12:00
MTBLS266	metabo_562	Technology	mass spectrometry	http://purl.obolibrary.org/obo/OBI_0000470	Jiakang Chang	30/11/2018 12:00
MTBLS267	metabo_562	Technology	mass spectrometry	http://purl.obolibrary.org/obo/OBI_0000470	Jiakang Chang	30/11/2018 12:00
MTBLS268	metabo_562	Technology	mass spectrometry	http://purl.obolibrary.org/obo/OBI_0000470	Jiakang Chang	30/11/2018 12:00
MTBLS269	metabo_562	Technology	mass spectrometry	http://purl.obolibrary.org/obo/OBI_0000470	Jiakang Chang	30/11/2018 12:00
MTBLS270	metabo_562	Technology	mass spectrometry	http://purl.obolibrary.org/obo/OBI_0000470	Jiakang Chang	30/11/2018 12:00
MTBLS271	metabo_562	Technology	mass spectrometry	http://purl.obolibrary.org/obo/OBI_0000470	Jiakang Chang	30/11/2018 12:00
MTBLS272	metabo_562	Technology	mass spectrometry	http://purl.obolibrary.org/obo/OBI_0000470	Jiakang Chang	30/11/2018 12:00
MTBLS273	metabo_562	Technology	mass spectrometry	http://purl.obolibrary.org/obo/OBI_0000470	Jiakang Chang	30/11/2018 12:00
MTBLS274	metabo_562	Technology	mass spectrometry	http://purl.obolibrary.org/obo/OBI_0000470	Jiakang Chang	30/11/2018 12:00
MTBLS275	metabo_561	Technology	NMR spectroscopy	http://purl.obolibrary.org/obo/OBI_0000623	Jiakang Chang	30/11/2018 12:00
MTBLS276	metabo_562	Technology	mass spectrometry	http://purl.obolibrary.org/obo/OBI_0000470	Jiakang Chang	30/11/2018 12:00
MTBLS277	metabo_562	Technology	mass spectrometry	http://purl.obolibrary.org/obo/OBI_0000470	Jiakang Chang	30/11/2018 12:00
MTBLS278	metabo_562	Technology	mass spectrometry	http://purl.obolibrary.org/obo/OBI_0000470	Jiakang Chang	30/11/2018 12:00
MTBLS279	metabo_562	Technology	mass spectrometry	http://purl.obolibrary.org/obo/OBI_0000470	Jiakang Chang	30/11/2018 12:00
MTBLS280	metabo_562	Technology	mass spectrometry	http://purl.obolibrary.org/obo/OBI_0000470	Jiakang Chang	30/11/2018 12:00
MTBLS281	metabo_562	Technology	mass spectrometry	http://purl.obolibrary.org/obo/OBI_0000470	Jiakang Chang	30/11/2018 12:00
MTBLS282	metabo_562	Technology	mass spectrometry	http://purl.obolibrary.org/obo/OBI_0000470	Jiakang Chang	30/11/2018 12:00
MTBLS283	metabo_562	Technology	mass spectrometry	http://purl.obolibrary.org/obo/OBI_0000470	Jiakang Chang	30/11/2018 12:00
MTBLS284	metabo_562	Technology	mass spectrometry	http://purl.obolibrary.org/obo/OBI_0000470	Jiakang Chang	30/11/2018 12:00
MTBLS285	metabo_561	Technology	NMR spectroscopy	http://purl.obolibrary.org/obo/OBI_0000623	Jiakang Chang	30/11/2018 12:00
MTBLS286	metabo_562	Technology	mass spectrometry	http://purl.obolibrary.org/obo/OBI_0000470	Jiakang Chang	30/11/2018 12:00
MTBLS287	metabo_562	Technology	mass spectrometry	http://purl.obolibrary.org/obo/OBI_0000470	Jiakang Chang	30/11/2018 12:00
MTBLS288	metabo_562	Technology	mass spectrometry	http://purl.obolibrary.org/obo/OBI_0000470	Jiakang Chang	30/11/2018 12:00
MTBLS289	metabo_562	Technology	mass spectrometry	http://purl.obolibrary.org/obo/OBI_0000470	Jiakang Chang	30/11/2018 12:00
MTBLS290	metabo_562	Technology	mass spectrometry	http://purl.obolibrary.org/obo/OBI_0000470	Jiakang Chang	30/11/2018 12:00
MTBLS291	metabo_562	Technology	mass spectrometry	http://purl.obolibrary.org/obo/OBI_0000470	Jiakang Chang	30/11/2018 12:00
MTBLS292	metabo_562	Technology	mass spectrometry	http://purl.obolibrary.org/obo/OBI_0000470	Jiakang Chang	30/11/2018 12:00
MTBLS293	metabo_562	Technology	mass spectrometry	http://purl.obolibrary.org/obo/OBI_0000470	Jiakang Chang	30/11/2018 12:00
MTBLS295	metabo_562	Technology	mass spectrometry	http://purl.obolibrary.org/obo/OBI_0000470	Jiakang Chang	30/11/2018 12:00
MTBLS296	metabo_562	Technology	mass spectrometry	http://purl.obolibrary.org/obo/OBI_0000470	Jiakang Chang	30/11/2018 12:00
MTBLS297	metabo_562	Technology	mass spectrometry	http://purl.obolibrary.org/obo/OBI_0000470	Jiakang Chang	30/11/2018 12:00
MTBLS298	metabo_562	Technology	mass spectrometry	http://purl.obolibrary.org/obo/OBI_0000470	Jiakang Chang	30/11/2018 12:00
MTBLS299	metabo_562	Technology	mass spectrometry	http://purl.obolibrary.org/obo/OBI_0000470	Jiakang Chang	30/11/2018 12:00
MTBLS300	metabo_562	Technology	mass spectrometry	http://purl.obolibrary.org/obo/OBI_0000470	Jiakang Chang	30/11/2018 12:00
MTBLS301	metabo_562	Technology	mass spectrometry	http://purl.obolibrary.org/obo/OBI_0000470	Jiakang Chang	30/11/2018 12:00
MTBLS302	metabo_562	Technology	mass spectrometry	http://purl.obolibrary.org/obo/OBI_0000470	Jiakang Chang	30/11/2018 12:00
MTBLS303	metabo_562	Technology	mass spectrometry	http://purl.obolibrary.org/obo/OBI_0000470	Jiakang Chang	30/11/2018 12:00
MTBLS304	metabo_562	Technology	mass spectrometry	http://purl.obolibrary.org/obo/OBI_0000470	Jiakang Chang	30/11/2018 12:00
MTBLS306	metabo_562	Technology	mass spectrometry	http://purl.obolibrary.org/obo/OBI_0000470	Jiakang Chang	30/11/2018 12:00
MTBLS307	metabo_562	Technology	mass spectrometry	http://purl.obolibrary.org/obo/OBI_0000470	Jiakang Chang	30/11/2018 12:00
MTBLS308	metabo_562	Technology	mass spectrometry	http://purl.obolibrary.org/obo/OBI_0000470	Jiakang Chang	30/11/2018 12:00
MTBLS309	metabo_562	Technology	mass spectrometry	http://purl.obolibrary.org/obo/OBI_0000470	Jiakang Chang	30/11/2018 12:00
MTBLS310	metabo_562	Technology	mass spectrometry	http://purl.obolibrary.org/obo/OBI_0000470	Jiakang Chang	30/11/2018 12:00
MTBLS311	metabo_562	Technology	mass spectrometry	http://purl.obolibrary.org/obo/OBI_0000470	Jiakang Chang	30/11/2018 12:00
MTBLS312	metabo_562	Technology	mass spectrometry	http://purl.obolibrary.org/obo/OBI_0000470	Jiakang Chang	30/11/2018 12:00
MTBLS313	metabo_562	Technology	mass spectrometry	http://purl.obolibrary.org/obo/OBI_0000470	Jiakang Chang	30/11/2018 12:00
MTBLS314	metabo_562	Technology	mass spectrometry	http://purl.obolibrary.org/obo/OBI_0000470	Jiakang Chang	30/11/2018 12:00
MTBLS315	metabo_562	Technology	mass spectrometry	http://purl.obolibrary.org/obo/OBI_0000470	Jiakang Chang	30/11/2018 12:00
MTBLS316	metabo_562	Technology	mass spectrometry	http://purl.obolibrary.org/obo/OBI_0000470	Jiakang Chang	30/11/2018 12:00
MTBLS317	metabo_562	Technology	mass spectrometry	http://purl.obolibrary.org/obo/OBI_0000470	Jiakang Chang	30/11/2018 12:00
MTBLS318	metabo_562	Technology	mass spectrometry	http://purl.obolibrary.org/obo/OBI_0000470	Jiakang Chang	30/11/2018 12:00
MTBLS319	metabo_562	Technology	mass spectrometry	http://purl.obolibrary.org/obo/OBI_0000470	Jiakang Chang	30/11/2018 12:00
MTBLS320	metabo_562	Technology	mass spectrometry	http://purl.obolibrary.org/obo/OBI_0000470	Jiakang Chang	30/11/2018 12:00
MTBLS321	metabo_562	Technology	mass spectrometry	http://purl.obolibrary.org/obo/OBI_0000470	Jiakang Chang	30/11/2018 12:00
MTBLS322	metabo_562	Technology	mass spectrometry	http://purl.obolibrary.org/obo/OBI_0000470	Jiakang Chang	30/11/2018 12:00
MTBLS323	metabo_562	Technology	mass spectrometry	http://purl.obolibrary.org/obo/OBI_0000470	Jiakang Chang	30/11/2018 12:00
MTBLS325	metabo_562	Technology	mass spectrometry	http://purl.obolibrary.org/obo/OBI_0000470	Jiakang Chang	30/11/2018 12:00
MTBLS326	metabo_561	Technology	NMR spectroscopy	http://purl.obolibrary.org/obo/OBI_0000623	Jiakang Chang	30/11/2018 12:00
MTBLS327	metabo_562	Technology	mass spectrometry	http://purl.obolibrary.org/obo/OBI_0000470	Jiakang Chang	30/11/2018 12:00
MTBLS328	metabo_562	Technology	mass spectrometry	http://purl.obolibrary.org/obo/OBI_0000470	Jiakang Chang	30/11/2018 12:00
MTBLS330	metabo_562	Technology	mass spectrometry	http://purl.obolibrary.org/obo/OBI_0000470	Jiakang Chang	30/11/2018 12:00
MTBLS331	metabo_561	Technology	NMR spectroscopy	http://purl.obolibrary.org/obo/OBI_0000623	Jiakang Chang	30/11/2018 12:00
MTBLS332	metabo_562	Technology	mass spectrometry	http://purl.obolibrary.org/obo/OBI_0000470	Jiakang Chang	30/11/2018 12:00
MTBLS333	metabo_562	Technology	mass spectrometry	http://purl.obolibrary.org/obo/OBI_0000470	Jiakang Chang	30/11/2018 12:00
MTBLS334	metabo_562	Technology	mass spectrometry	http://purl.obolibrary.org/obo/OBI_0000470	Jiakang Chang	30/11/2018 12:00
MTBLS335	metabo_562	Technology	mass spectrometry	http://purl.obolibrary.org/obo/OBI_0000470	Jiakang Chang	30/11/2018 12:00
MTBLS336	metabo_562	Technology	mass spectrometry	http://purl.obolibrary.org/obo/OBI_0000623	Jiakang Chang	30/11/2018 12:00
MTBLS336	metabo_561	Technology	NMR spectroscopy	http://purl.obolibrary.org/obo/OBI_0000470	Jiakang Chang	30/11/2018 12:00
MTBLS337	metabo_561	Technology	NMR spectroscopy	http://purl.obolibrary.org/obo/OBI_0000623	Jiakang Chang	30/11/2018 12:00
MTBLS338	metabo_562	Technology	mass spectrometry	http://purl.obolibrary.org/obo/OBI_0000470	Jiakang Chang	30/11/2018 12:00
MTBLS339	metabo_562	Technology	mass spectrometry	http://purl.obolibrary.org/obo/OBI_0000470	Jiakang Chang	30/11/2018 12:00
MTBLS340	metabo_561	Technology	NMR spectroscopy	http://purl.obolibrary.org/obo/OBI_0000623	Jiakang Chang	30/11/2018 12:00
MTBLS341	metabo_562	Technology	mass spectrometry	http://purl.obolibrary.org/obo/OBI_0000470	Jiakang Chang	30/11/2018 12:00
MTBLS342	metabo_561	Technology	NMR spectroscopy	http://purl.obolibrary.org/obo/OBI_0000623	Jiakang Chang	30/11/2018 12:00
MTBLS343	metabo_562	Technology	mass spectrometry	http://purl.obolibrary.org/obo/OBI_0000470	Jiakang Chang	30/11/2018 12:00
MTBLS344	metabo_562	Technology	mass spectrometry	http://purl.obolibrary.org/obo/OBI_0000470	Jiakang Chang	30/11/2018 12:00
MTBLS345	metabo_562	Technology	mass spectrometry	http://purl.obolibrary.org/obo/OBI_0000470	Jiakang Chang	30/11/2018 12:00
MTBLS346	metabo_561	Technology	NMR spectroscopy	http://purl.obolibrary.org/obo/OBI_0000623	Jiakang Chang	30/11/2018 12:00
MTBLS347	metabo_561	Technology	NMR spectroscopy	http://purl.obolibrary.org/obo/OBI_0000623	Jiakang Chang	30/11/2018 12:00
MTBLS349	metabo_561	Technology	NMR spectroscopy	http://purl.obolibrary.org/obo/OBI_0000623	Jiakang Chang	30/11/2018 12:00
MTBLS350	metabo_562	Technology	mass spectrometry	http://purl.obolibrary.org/obo/OBI_0000470	Jiakang Chang	30/11/2018 12:00
MTBLS351	metabo_562	Technology	mass spectrometry	http://purl.obolibrary.org/obo/OBI_0000470	Jiakang Chang	30/11/2018 12:00
MTBLS352	metabo_562	Technology	mass spectrometry	http://purl.obolibrary.org/obo/OBI_0000470	Jiakang Chang	30/11/2018 12:00
MTBLS353	metabo_562	Technology	mass spectrometry	http://purl.obolibrary.org/obo/OBI_0000623	Jiakang Chang	30/11/2018 12:00
MTBLS353	metabo_561	Technology	NMR spectroscopy	http://purl.obolibrary.org/obo/OBI_0000470	Jiakang Chang	30/11/2018 12:00
MTBLS354	metabo_562	Technology	mass spectrometry	http://purl.obolibrary.org/obo/OBI_0000470	Jiakang Chang	30/11/2018 12:00
MTBLS355	metabo_562	Technology	mass spectrometry	http://purl.obolibrary.org/obo/OBI_0000470	Jiakang Chang	30/11/2018 12:00
MTBLS356	metabo_561	Technology	NMR spectroscopy	http://purl.obolibrary.org/obo/OBI_0000623	Jiakang Chang	30/11/2018 12:00
MTBLS358	metabo_562	Technology	mass spectrometry	http://purl.obolibrary.org/obo/OBI_0000470	Jiakang Chang	30/11/2018 12:00
MTBLS359	metabo_562	Technology	mass spectrometry	http://purl.obolibrary.org/obo/OBI_0000470	Jiakang Chang	30/11/2018 12:00
MTBLS360	metabo_562	Technology	mass spectrometry	http://purl.obolibrary.org/obo/OBI_0000470	Jiakang Chang	30/11/2018 12:00
MTBLS361	metabo_561	Technology	NMR spectroscopy	http://purl.obolibrary.org/obo/OBI_0000623	Jiakang Chang	30/11/2018 12:00
MTBLS362	metabo_562	Technology	mass spectrometry	http://purl.obolibrary.org/obo/OBI_0000470	Jiakang Chang	30/11/2018 12:00
MTBLS363	metabo_562	Technology	mass spectrometry	http://purl.obolibrary.org/obo/OBI_0000470	Jiakang Chang	30/11/2018 12:00
MTBLS364	metabo_562	Technology	mass spectrometry	http://purl.obolibrary.org/obo/OBI_0000470	Jiakang Chang	30/11/2018 12:00
MTBLS365	metabo_562	Technology	mass spectrometry	http://purl.obolibrary.org/obo/OBI_0000470	Jiakang Chang	30/11/2018 12:00
MTBLS366	metabo_562	Technology	mass spectrometry	http://purl.obolibrary.org/obo/OBI_0000470	Jiakang Chang	30/11/2018 12:00
MTBLS367	metabo_561	Technology	NMR spectroscopy	http://purl.obolibrary.org/obo/OBI_0000623	Jiakang Chang	30/11/2018 12:00
MTBLS368	metabo_562	Technology	mass spectrometry	http://purl.obolibrary.org/obo/OBI_0000470	Jiakang Chang	30/11/2018 12:00
MTBLS369	metabo_561	Technology	NMR spectroscopy	http://purl.obolibrary.org/obo/OBI_0000623	Jiakang Chang	30/11/2018 12:00
MTBLS370	metabo_562	Technology	mass spectrometry	http://purl.obolibrary.org/obo/OBI_0000470	Jiakang Chang	30/11/2018 12:00
MTBLS371	metabo_562	Technology	mass spectrometry	http://purl.obolibrary.org/obo/OBI_0000470	Jiakang Chang	30/11/2018 12:00
MTBLS372	metabo_562	Technology	mass spectrometry	http://purl.obolibrary.org/obo/OBI_0000470	Jiakang Chang	30/11/2018 12:00
MTBLS373	metabo_562	Technology	mass spectrometry	http://purl.obolibrary.org/obo/OBI_0000470	Jiakang Chang	30/11/2018 12:00
MTBLS374	metabo_561	Technology	NMR spectroscopy	http://purl.obolibrary.org/obo/OBI_0000623	Jiakang Chang	30/11/2018 12:00
MTBLS375	metabo_562	Technology	mass spectrometry	http://purl.obolibrary.org/obo/OBI_0000470	Jiakang Chang	30/11/2018 12:00
MTBLS376	metabo_562	Technology	mass spectrometry	http://purl.obolibrary.org/obo/OBI_0000470	Jiakang Chang	30/11/2018 12:00
MTBLS377	metabo_562	Technology	mass spectrometry	http://purl.obolibrary.org/obo/OBI_0000470	Jiakang Chang	30/11/2018 12:00
MTBLS378	metabo_562	Technology	mass spectrometry	http://purl.obolibrary.org/obo/OBI_0000470	Jiakang Chang	30/11/2018 12:00
MTBLS379	metabo_562	Technology	mass spectrometry	http://purl.obolibrary.org/obo/OBI_0000470	Jiakang Chang	30/11/2018 12:00
MTBLS380	metabo_562	Technology	mass spectrometry	http://purl.obolibrary.org/obo/OBI_0000470	Jiakang Chang	30/11/2018 12:00
MTBLS381	metabo_562	Technology	mass spectrometry	http://purl.obolibrary.org/obo/OBI_0000470	Jiakang Chang	30/11/2018 12:00
MTBLS382	metabo_561	Technology	NMR spectroscopy	http://purl.obolibrary.org/obo/OBI_0000623	Jiakang Chang	30/11/2018 12:00
MTBLS383	metabo_562	Technology	mass spectrometry	http://purl.obolibrary.org/obo/OBI_0000470	Jiakang Chang	30/11/2018 12:00
MTBLS384	metabo_562	Technology	mass spectrometry	http://purl.obolibrary.org/obo/OBI_0000470	Jiakang Chang	30/11/2018 12:00
MTBLS385	metabo_562	Technology	mass spectrometry	http://purl.obolibrary.org/obo/OBI_0000470	Jiakang Chang	30/11/2018 12:00
MTBLS386	metabo_561	Technology	NMR spectroscopy	http://purl.obolibrary.org/obo/OBI_0000623	Jiakang Chang	30/11/2018 12:00
MTBLS387	metabo_561	Technology	NMR spectroscopy	http://purl.obolibrary.org/obo/OBI_0000623	Jiakang Chang	30/11/2018 12:00
MTBLS389	metabo_562	Technology	mass spectrometry	http://purl.obolibrary.org/obo/OBI_0000470	Jiakang Chang	30/11/2018 12:00
MTBLS390	metabo_562	Technology	mass spectrometry	http://purl.obolibrary.org/obo/OBI_0000470	Jiakang Chang	30/11/2018 12:00
MTBLS391	metabo_562	Technology	mass spectrometry	http://purl.obolibrary.org/obo/OBI_0000470	Jiakang Chang	30/11/2018 12:00
MTBLS392	metabo_562	Technology	mass spectrometry	http://purl.obolibrary.org/obo/OBI_0000470	Jiakang Chang	30/11/2018 12:00
MTBLS393	metabo_562	Technology	mass spectrometry	http://purl.obolibrary.org/obo/OBI_0000470	Jiakang Chang	30/11/2018 12:00
MTBLS394	metabo_562	Technology	mass spectrometry	http://purl.obolibrary.org/obo/OBI_0000470	Jiakang Chang	30/11/2018 12:00
MTBLS395	metabo_561	Technology	NMR spectroscopy	http://purl.obolibrary.org/obo/OBI_0000623	Jiakang Chang	30/11/2018 12:00
MTBLS396	metabo_562	Technology	mass spectrometry	http://purl.obolibrary.org/obo/OBI_0000470	Jiakang Chang	30/11/2018 12:00
MTBLS397	metabo_562	Technology	mass spectrometry	http://purl.obolibrary.org/obo/OBI_0000470	Jiakang Chang	30/11/2018 12:00
MTBLS398	metabo_562	Technology	mass spectrometry	http://purl.obolibrary.org/obo/OBI_0000470	Jiakang Chang	30/11/2018 12:00
MTBLS399	metabo_561	Technology	NMR spectroscopy	http://purl.obolibrary.org/obo/OBI_0000623	Jiakang Chang	30/11/2018 12:00
MTBLS400	metabo_561	Technology	NMR spectroscopy	http://purl.obolibrary.org/obo/OBI_0000623	Jiakang Chang	30/11/2018 12:00
MTBLS401	metabo_562	Technology	mass spectrometry	http://purl.obolibrary.org/obo/OBI_0000470	Jiakang Chang	30/11/2018 12:00
MTBLS402	metabo_562	Technology	mass spectrometry	http://purl.obolibrary.org/obo/OBI_0000470	Jiakang Chang	30/11/2018 12:00
MTBLS403	metabo_562	Technology	mass spectrometry	http://purl.obolibrary.org/obo/OBI_0000470	Jiakang Chang	30/11/2018 12:00
MTBLS404	metabo_562	Technology	mass spectrometry	http://purl.obolibrary.org/obo/OBI_0000470	Jiakang Chang	30/11/2018 12:00
MTBLS405	metabo_562	Technology	mass spectrometry	http://purl.obolibrary.org/obo/OBI_0000470	Jiakang Chang	30/11/2018 12:00
MTBLS408	metabo_562	Technology	mass spectrometry	http://purl.obolibrary.org/obo/OBI_0000470	Jiakang Chang	30/11/2018 12:00
MTBLS409	metabo_562	Technology	mass spectrometry	http://purl.obolibrary.org/obo/OBI_0000470	Jiakang Chang	30/11/2018 12:00
MTBLS410	metabo_562	Technology	mass spectrometry	http://purl.obolibrary.org/obo/OBI_0000470	Jiakang Chang	30/11/2018 12:00
MTBLS411	metabo_562	Technology	mass spectrometry	http://purl.obolibrary.org/obo/OBI_0000470	Jiakang Chang	30/11/2018 12:00
MTBLS412	metabo_562	Technology	mass spectrometry	http://purl.obolibrary.org/obo/OBI_0000470	Jiakang Chang	30/11/2018 12:00
MTBLS413	metabo_562	Technology	mass spectrometry	http://purl.obolibrary.org/obo/OBI_0000470	Jiakang Chang	30/11/2018 12:00
MTBLS414	metabo_562	Technology	mass spectrometry	http://purl.obolibrary.org/obo/OBI_0000470	Jiakang Chang	30/11/2018 12:00
MTBLS415	metabo_562	Technology	mass spectrometry	http://purl.obolibrary.org/obo/OBI_0000470	Jiakang Chang	30/11/2018 12:00
MTBLS417	metabo_562	Technology	mass spectrometry	http://purl.obolibrary.org/obo/OBI_0000470	Jiakang Chang	30/11/2018 12:00
MTBLS418	metabo_562	Technology	mass spectrometry	http://purl.obolibrary.org/obo/OBI_0000470	Jiakang Chang	30/11/2018 12:00
MTBLS419	metabo_561	Technology	NMR spectroscopy	http://purl.obolibrary.org/obo/OBI_0000623	Jiakang Chang	30/11/2018 12:00
MTBLS420	metabo_562	Technology	mass spectrometry	http://purl.obolibrary.org/obo/OBI_0000470	Jiakang Chang	30/11/2018 12:00
MTBLS422	metabo_561	Technology	NMR spectroscopy	http://purl.obolibrary.org/obo/OBI_0000623	Jiakang Chang	30/11/2018 12:00
MTBLS423	metabo_562	Technology	mass spectrometry	http://purl.obolibrary.org/obo/OBI_0000470	Jiakang Chang	30/11/2018 12:00
MTBLS424	metabo_561	Technology	NMR spectroscopy	http://purl.obolibrary.org/obo/OBI_0000623	Jiakang Chang	30/11/2018 12:00
MTBLS425	metabo_561	Technology	NMR spectroscopy	http://purl.obolibrary.org/obo/OBI_0000623	Jiakang Chang	30/11/2018 12:00
MTBLS426	metabo_562	Technology	mass spectrometry	http://purl.obolibrary.org/obo/OBI_0000470	Jiakang Chang	30/11/2018 12:00
MTBLS427	metabo_562	Technology	mass spectrometry	http://purl.obolibrary.org/obo/OBI_0000470	Jiakang Chang	30/11/2018 12:00
MTBLS428	metabo_562	Technology	mass spectrometry	http://purl.obolibrary.org/obo/OBI_0000470	Jiakang Chang	30/11/2018 12:00
MTBLS429	metabo_562	Technology	mass spectrometry	http://purl.obolibrary.org/obo/OBI_0000470	Jiakang Chang	30/11/2018 12:00
MTBLS430	metabo_561	Technology	NMR spectroscopy	http://purl.obolibrary.org/obo/OBI_0000623	Jiakang Chang	30/11/2018 12:00
MTBLS431	metabo_561	Technology	NMR spectroscopy	http://purl.obolibrary.org/obo/OBI_0000623	Jiakang Chang	30/11/2018 12:00
MTBLS432	metabo_562	Technology	mass spectrometry	http://purl.obolibrary.org/obo/OBI_0000470	Jiakang Chang	30/11/2018 12:00
MTBLS433	metabo_562	Technology	mass spectrometry	http://purl.obolibrary.org/obo/OBI_0000470	Jiakang Chang	30/11/2018 12:00
MTBLS434	metabo_562	Technology	mass spectrometry	http://purl.obolibrary.org/obo/OBI_0000470	Jiakang Chang	30/11/2018 12:00
MTBLS435	metabo_562	Technology	mass spectrometry	http://purl.obolibrary.org/obo/OBI_0000470	Jiakang Chang	30/11/2018 12:00
MTBLS436	metabo_562	Technology	mass spectrometry	http://purl.obolibrary.org/obo/OBI_0000470	Jiakang Chang	30/11/2018 12:00
MTBLS437	metabo_562	Technology	mass spectrometry	http://purl.obolibrary.org/obo/OBI_0000470	Jiakang Chang	30/11/2018 12:00
MTBLS438	metabo_562	Technology	mass spectrometry	http://purl.obolibrary.org/obo/OBI_0000470	Jiakang Chang	30/11/2018 12:00
MTBLS439	metabo_562	Technology	mass spectrometry	http://purl.obolibrary.org/obo/OBI_0000470	Jiakang Chang	30/11/2018 12:00
MTBLS440	metabo_562	Technology	mass spectrometry	http://purl.obolibrary.org/obo/OBI_0000470	Jiakang Chang	30/11/2018 12:00
MTBLS441	metabo_562	Technology	mass spectrometry	http://purl.obolibrary.org/obo/OBI_0000470	Jiakang Chang	30/11/2018 12:00
MTBLS442	metabo_562	Technology	mass spectrometry	http://purl.obolibrary.org/obo/OBI_0000470	Jiakang Chang	30/11/2018 12:00
MTBLS443	metabo_562	Technology	mass spectrometry	http://purl.obolibrary.org/obo/OBI_0000470	Jiakang Chang	30/11/2018 12:00
MTBLS444	metabo_561	Technology	NMR spectroscopy	http://purl.obolibrary.org/obo/OBI_0000623	Jiakang Chang	30/11/2018 12:00
MTBLS445	metabo_562	Technology	mass spectrometry	http://purl.obolibrary.org/obo/OBI_0000470	Jiakang Chang	30/11/2018 12:00
MTBLS447	metabo_562	Technology	mass spectrometry	http://purl.obolibrary.org/obo/OBI_0000470	Jiakang Chang	30/11/2018 12:00
MTBLS448	metabo_562	Technology	mass spectrometry	http://purl.obolibrary.org/obo/OBI_0000470	Jiakang Chang	30/11/2018 12:00
MTBLS449	metabo_562	Technology	mass spectrometry	http://purl.obolibrary.org/obo/OBI_0000470	Jiakang Chang	30/11/2018 12:00
MTBLS450	metabo_562	Technology	mass spectrometry	http://purl.obolibrary.org/obo/OBI_0000470	Jiakang Chang	30/11/2018 12:00
MTBLS451	metabo_562	Technology	mass spectrometry	http://purl.obolibrary.org/obo/OBI_0000470	Jiakang Chang	30/11/2018 12:00
MTBLS452	metabo_562	Technology	mass spectrometry	http://purl.obolibrary.org/obo/OBI_0000470	Jiakang Chang	30/11/2018 12:00
MTBLS453	metabo_561	Technology	NMR spectroscopy	http://purl.obolibrary.org/obo/OBI_0000623	Jiakang Chang	30/11/2018 12:00
MTBLS454	metabo_562	Technology	mass spectrometry	http://purl.obolibrary.org/obo/OBI_0000470	Jiakang Chang	30/11/2018 12:00
MTBLS455	metabo_561	Technology	NMR spectroscopy	http://purl.obolibrary.org/obo/OBI_0000623	Jiakang Chang	30/11/2018 12:00
MTBLS456	metabo_562	Technology	mass spectrometry	http://purl.obolibrary.org/obo/OBI_0000470	Jiakang Chang	30/11/2018 12:00
MTBLS457	metabo_562	Technology	mass spectrometry	http://purl.obolibrary.org/obo/OBI_0000470	Jiakang Chang	30/11/2018 12:00
MTBLS458	metabo_562	Technology	mass spectrometry	http://purl.obolibrary.org/obo/OBI_0000470	Jiakang Chang	30/11/2018 12:00
MTBLS459	metabo_562	Technology	mass spectrometry	http://purl.obolibrary.org/obo/OBI_0000470	Jiakang Chang	30/11/2018 12:00
MTBLS460	metabo_562	Technology	mass spectrometry	http://purl.obolibrary.org/obo/OBI_0000470	Jiakang Chang	30/11/2018 12:00
MTBLS461	metabo_562	Technology	mass spectrometry	http://purl.obolibrary.org/obo/OBI_0000470	Jiakang Chang	30/11/2018 12:00
MTBLS462	metabo_562	Technology	mass spectrometry	http://purl.obolibrary.org/obo/OBI_0000470	Jiakang Chang	30/11/2018 12:00
MTBLS463	metabo_561	Technology	NMR spectroscopy	http://purl.obolibrary.org/obo/OBI_0000623	Jiakang Chang	30/11/2018 12:00
MTBLS464	metabo_562	Technology	mass spectrometry	http://purl.obolibrary.org/obo/OBI_0000470	Jiakang Chang	30/11/2018 12:00
MTBLS465	metabo_562	Technology	mass spectrometry	http://purl.obolibrary.org/obo/OBI_0000470	Jiakang Chang	30/11/2018 12:00
MTBLS467	metabo_562	Technology	mass spectrometry	http://purl.obolibrary.org/obo/OBI_0000470	Jiakang Chang	30/11/2018 12:00
MTBLS469	metabo_562	Technology	mass spectrometry	http://purl.obolibrary.org/obo/OBI_0000470	Jiakang Chang	30/11/2018 12:00
MTBLS470	metabo_561	Technology	NMR spectroscopy	http://purl.obolibrary.org/obo/OBI_0000623	Jiakang Chang	30/11/2018 12:00
MTBLS471	metabo_562	Technology	mass spectrometry	http://purl.obolibrary.org/obo/OBI_0000470	Jiakang Chang	30/11/2018 12:00
MTBLS472	metabo_562	Technology	mass spectrometry	http://purl.obolibrary.org/obo/OBI_0000470	Jiakang Chang	30/11/2018 12:00
MTBLS473	metabo_562	Technology	mass spectrometry	http://purl.obolibrary.org/obo/OBI_0000470	Jiakang Chang	30/11/2018 12:00
MTBLS475	metabo_562	Technology	mass spectrometry	http://purl.obolibrary.org/obo/OBI_0000623	Jiakang Chang	30/11/2018 12:00
MTBLS475	metabo_561	Technology	NMR spectroscopy	http://purl.obolibrary.org/obo/OBI_0000470	Jiakang Chang	30/11/2018 12:00
MTBLS476	metabo_562	Technology	mass spectrometry	http://purl.obolibrary.org/obo/OBI_0000470	Jiakang Chang	30/11/2018 12:00
MTBLS478	metabo_562	Technology	mass spectrometry	http://purl.obolibrary.org/obo/OBI_0000470	Jiakang Chang	30/11/2018 12:00
MTBLS479	metabo_562	Technology	mass spectrometry	http://purl.obolibrary.org/obo/OBI_0000470	Jiakang Chang	30/11/2018 12:00
MTBLS480	metabo_562	Technology	mass spectrometry	http://purl.obolibrary.org/obo/OBI_0000470	Jiakang Chang	30/11/2018 12:00
MTBLS481	metabo_562	Technology	mass spectrometry	http://purl.obolibrary.org/obo/OBI_0000470	Jiakang Chang	30/11/2018 12:00
MTBLS482	metabo_561	Technology	NMR spectroscopy	http://purl.obolibrary.org/obo/OBI_0000623	Jiakang Chang	30/11/2018 12:00
MTBLS483	metabo_562	Technology	mass spectrometry	http://purl.obolibrary.org/obo/OBI_0000470	Jiakang Chang	30/11/2018 12:00
MTBLS484	metabo_562	Technology	mass spectrometry	http://purl.obolibrary.org/obo/OBI_0000470	Jiakang Chang	30/11/2018 12:00
MTBLS486	metabo_562	Technology	mass spectrometry	http://purl.obolibrary.org/obo/OBI_0000470	Jiakang Chang	30/11/2018 12:00
MTBLS487	metabo_562	Technology	mass spectrometry	http://purl.obolibrary.org/obo/OBI_0000470	Jiakang Chang	30/11/2018 12:00
MTBLS488	metabo_562	Technology	mass spectrometry	http://purl.obolibrary.org/obo/OBI_0000470	Jiakang Chang	30/11/2018 12:00
MTBLS491	metabo_562	Technology	mass spectrometry	http://purl.obolibrary.org/obo/OBI_0000470	Jiakang Chang	30/11/2018 12:00
MTBLS492	metabo_562	Technology	mass spectrometry	http://purl.obolibrary.org/obo/OBI_0000470	Jiakang Chang	30/11/2018 12:00
MTBLS493	metabo_562	Technology	mass spectrometry	http://purl.obolibrary.org/obo/OBI_0000470	Jiakang Chang	30/11/2018 12:00
MTBLS494	metabo_562	Technology	mass spectrometry	http://purl.obolibrary.org/obo/OBI_0000470	Jiakang Chang	30/11/2018 12:00
MTBLS495	metabo_562	Technology	mass spectrometry	http://purl.obolibrary.org/obo/OBI_0000470	Jiakang Chang	30/11/2018 12:00
MTBLS496	metabo_562	Technology	mass spectrometry	http://purl.obolibrary.org/obo/OBI_0000470	Jiakang Chang	30/11/2018 12:00
MTBLS497	metabo_562	Technology	mass spectrometry	http://purl.obolibrary.org/obo/OBI_0000470	Jiakang Chang	30/11/2018 12:00
MTBLS501	metabo_562	Technology	mass spectrometry	http://purl.obolibrary.org/obo/OBI_0000470	Jiakang Chang	30/11/2018 12:00
MTBLS503	metabo_562	Technology	mass spectrometry	http://purl.obolibrary.org/obo/OBI_0000470	Jiakang Chang	30/11/2018 12:00
MTBLS516	metabo_561	Technology	NMR spectroscopy	http://purl.obolibrary.org/obo/OBI_0000623	Jiakang Chang	30/11/2018 12:00
MTBLS517	metabo_562	Technology	mass spectrometry	http://purl.obolibrary.org/obo/OBI_0000470	Jiakang Chang	30/11/2018 12:00
MTBLS518	metabo_562	Technology	mass spectrometry	http://purl.obolibrary.org/obo/OBI_0000470	Jiakang Chang	30/11/2018 12:00
MTBLS519	metabo_562	Technology	mass spectrometry	http://purl.obolibrary.org/obo/OBI_0000470	Jiakang Chang	30/11/2018 12:00
MTBLS520	metabo_562	Technology	mass spectrometry	http://purl.obolibrary.org/obo/OBI_0000470	Jiakang Chang	30/11/2018 12:00
MTBLS521	metabo_562	Technology	mass spectrometry	http://purl.obolibrary.org/obo/OBI_0000470	Jiakang Chang	30/11/2018 12:00
MTBLS522	metabo_562	Technology	mass spectrometry	http://purl.obolibrary.org/obo/OBI_0000470	Jiakang Chang	30/11/2018 12:00
MTBLS523	metabo_562	Technology	mass spectrometry	http://purl.obolibrary.org/obo/OBI_0000470	Jiakang Chang	30/11/2018 12:00
MTBLS524	metabo_561	Technology	NMR spectroscopy	http://purl.obolibrary.org/obo/OBI_0000623	Jiakang Chang	30/11/2018 12:00
MTBLS525	metabo_562	Technology	mass spectrometry	http://purl.obolibrary.org/obo/OBI_0000470	Jiakang Chang	30/11/2018 12:00
MTBLS526	metabo_562	Technology	mass spectrometry	http://purl.obolibrary.org/obo/OBI_0000470	Jiakang Chang	30/11/2018 12:00
MTBLS527	metabo_562	Technology	mass spectrometry	http://purl.obolibrary.org/obo/OBI_0000470	Jiakang Chang	30/11/2018 12:00
MTBLS528	metabo_562	Technology	mass spectrometry	http://purl.obolibrary.org/obo/OBI_0000470	Jiakang Chang	30/11/2018 12:00
MTBLS529	metabo_562	Technology	mass spectrometry	http://purl.obolibrary.org/obo/OBI_0000470	Jiakang Chang	30/11/2018 12:00
MTBLS530	metabo_562	Technology	mass spectrometry	http://purl.obolibrary.org/obo/OBI_0000470	Jiakang Chang	30/11/2018 12:00
MTBLS531	metabo_562	Technology	mass spectrometry	http://purl.obolibrary.org/obo/OBI_0000470	Jiakang Chang	30/11/2018 12:00
MTBLS532	metabo_562	Technology	mass spectrometry	http://purl.obolibrary.org/obo/OBI_0000470	Jiakang Chang	30/11/2018 12:00
MTBLS533	metabo_562	Technology	mass spectrometry	http://purl.obolibrary.org/obo/OBI_0000470	Jiakang Chang	30/11/2018 12:00
MTBLS535	metabo_562	Technology	mass spectrometry	http://purl.obolibrary.org/obo/OBI_0000470	Jiakang Chang	30/11/2018 12:00
MTBLS536	metabo_562	Technology	mass spectrometry	http://purl.obolibrary.org/obo/OBI_0000470	Jiakang Chang	30/11/2018 12:00
MTBLS537	metabo_562	Technology	mass spectrometry	http://purl.obolibrary.org/obo/OBI_0000470	Jiakang Chang	30/11/2018 12:00
MTBLS538	metabo_562	Technology	mass spectrometry	http://purl.obolibrary.org/obo/OBI_0000470	Jiakang Chang	30/11/2018 12:00
MTBLS539	metabo_562	Technology	mass spectrometry	http://purl.obolibrary.org/obo/OBI_0000623	Jiakang Chang	30/11/2018 12:00
MTBLS539	metabo_561	Technology	NMR spectroscopy	http://purl.obolibrary.org/obo/OBI_0000470	Jiakang Chang	30/11/2018 12:00
MTBLS540	metabo_561	Technology	NMR spectroscopy	http://purl.obolibrary.org/obo/OBI_0000623	Jiakang Chang	30/11/2018 12:00
MTBLS541	metabo_561	Technology	NMR spectroscopy	http://purl.obolibrary.org/obo/OBI_0000623	Jiakang Chang	30/11/2018 12:00
MTBLS542	metabo_562	Technology	mass spectrometry	http://purl.obolibrary.org/obo/OBI_0000470	Jiakang Chang	30/11/2018 12:00
MTBLS543	metabo_561	Technology	NMR spectroscopy	http://purl.obolibrary.org/obo/OBI_0000623	Jiakang Chang	30/11/2018 12:00
MTBLS544	metabo_562	Technology	mass spectrometry	http://purl.obolibrary.org/obo/OBI_0000470	Jiakang Chang	30/11/2018 12:00
MTBLS545	metabo_562	Technology	mass spectrometry	http://purl.obolibrary.org/obo/OBI_0000470	Jiakang Chang	30/11/2018 12:00
MTBLS546	metabo_562	Technology	mass spectrometry	http://purl.obolibrary.org/obo/OBI_0000470	Jiakang Chang	30/11/2018 12:00
MTBLS547	metabo_562	Technology	mass spectrometry	http://purl.obolibrary.org/obo/OBI_0000470	Jiakang Chang	30/11/2018 12:00
MTBLS548	metabo_562	Technology	mass spectrometry	http://purl.obolibrary.org/obo/OBI_0000470	Jiakang Chang	30/11/2018 12:00
MTBLS549	metabo_562	Technology	mass spectrometry	http://purl.obolibrary.org/obo/OBI_0000470	Jiakang Chang	30/11/2018 12:00
MTBLS550	metabo_562	Technology	mass spectrometry	http://purl.obolibrary.org/obo/OBI_0000470	Jiakang Chang	30/11/2018 12:00
MTBLS552	metabo_562	Technology	mass spectrometry	http://purl.obolibrary.org/obo/OBI_0000470	Jiakang Chang	30/11/2018 12:00
MTBLS553	metabo_562	Technology	mass spectrometry	http://purl.obolibrary.org/obo/OBI_0000470	Jiakang Chang	30/11/2018 12:00
MTBLS554	metabo_562	Technology	mass spectrometry	http://purl.obolibrary.org/obo/OBI_0000470	Jiakang Chang	30/11/2018 12:00
MTBLS555	metabo_562	Technology	mass spectrometry	http://purl.obolibrary.org/obo/OBI_0000470	Jiakang Chang	30/11/2018 12:00
MTBLS557	metabo_562	Technology	mass spectrometry	http://purl.obolibrary.org/obo/OBI_0000470	Jiakang Chang	30/11/2018 12:00
MTBLS558	metabo_562	Technology	mass spectrometry	http://purl.obolibrary.org/obo/OBI_0000470	Jiakang Chang	30/11/2018 12:00
MTBLS559	metabo_562	Technology	mass spectrometry	http://purl.obolibrary.org/obo/OBI_0000470	Jiakang Chang	30/11/2018 12:00
MTBLS560	metabo_561	Technology	NMR spectroscopy	http://purl.obolibrary.org/obo/OBI_0000623	Jiakang Chang	30/11/2018 12:00
MTBLS561	metabo_562	Technology	mass spectrometry	http://purl.obolibrary.org/obo/OBI_0000470	Jiakang Chang	30/11/2018 12:00
MTBLS562	metabo_562	Technology	mass spectrometry	http://purl.obolibrary.org/obo/OBI_0000470	Jiakang Chang	30/11/2018 12:00
MTBLS563	metabo_561	Technology	NMR spectroscopy	http://purl.obolibrary.org/obo/OBI_0000623	Jiakang Chang	30/11/2018 12:00
MTBLS564	metabo_561	Technology	NMR spectroscopy	http://purl.obolibrary.org/obo/OBI_0000623	Jiakang Chang	30/11/2018 12:00
MTBLS566	metabo_562	Technology	mass spectrometry	http://purl.obolibrary.org/obo/OBI_0000470	Jiakang Chang	30/11/2018 12:00
MTBLS567	metabo_562	Technology	mass spectrometry	http://purl.obolibrary.org/obo/OBI_0000470	Jiakang Chang	30/11/2018 12:00
MTBLS570	metabo_562	Technology	mass spectrometry	http://purl.obolibrary.org/obo/OBI_0000470	Jiakang Chang	30/11/2018 12:00
MTBLS571	metabo_562	Technology	mass spectrometry	http://purl.obolibrary.org/obo/OBI_0000470	Jiakang Chang	30/11/2018 12:00
MTBLS572	metabo_562	Technology	mass spectrometry	http://purl.obolibrary.org/obo/OBI_0000470	Jiakang Chang	30/11/2018 12:00
MTBLS573	metabo_562	Technology	mass spectrometry	http://purl.obolibrary.org/obo/OBI_0000470	Jiakang Chang	30/11/2018 12:00
MTBLS574	metabo_562	Technology	mass spectrometry	http://purl.obolibrary.org/obo/OBI_0000470	Jiakang Chang	30/11/2018 12:00
MTBLS575	metabo_562	Technology	mass spectrometry	http://purl.obolibrary.org/obo/OBI_0000470	Jiakang Chang	30/11/2018 12:00
MTBLS576	metabo_561	Technology	NMR spectroscopy	http://purl.obolibrary.org/obo/OBI_0000623	Jiakang Chang	30/11/2018 12:00
MTBLS577	metabo_562	Technology	mass spectrometry	http://purl.obolibrary.org/obo/OBI_0000470	Jiakang Chang	30/11/2018 12:00
MTBLS578	metabo_562	Technology	mass spectrometry	http://purl.obolibrary.org/obo/OBI_0000470	Jiakang Chang	30/11/2018 12:00
MTBLS579	metabo_562	Technology	mass spectrometry	http://purl.obolibrary.org/obo/OBI_0000470	Jiakang Chang	30/11/2018 12:00
MTBLS580	metabo_562	Technology	mass spectrometry	http://purl.obolibrary.org/obo/OBI_0000470	Jiakang Chang	30/11/2018 12:00
MTBLS581	metabo_562	Technology	mass spectrometry	http://purl.obolibrary.org/obo/OBI_0000470	Jiakang Chang	30/11/2018 12:00
MTBLS582	metabo_562	Technology	mass spectrometry	http://purl.obolibrary.org/obo/OBI_0000470	Jiakang Chang	30/11/2018 12:00
MTBLS583	metabo_562	Technology	mass spectrometry	http://purl.obolibrary.org/obo/OBI_0000470	Jiakang Chang	30/11/2018 12:00
MTBLS585	metabo_562	Technology	mass spectrometry	http://purl.obolibrary.org/obo/OBI_0000470	Jiakang Chang	30/11/2018 12:00
MTBLS586	metabo_562	Technology	mass spectrometry	http://purl.obolibrary.org/obo/OBI_0000470	Jiakang Chang	30/11/2018 12:00
MTBLS587	metabo_562	Technology	mass spectrometry	http://purl.obolibrary.org/obo/OBI_0000470	Jiakang Chang	30/11/2018 12:00
MTBLS588	metabo_562	Technology	mass spectrometry	http://purl.obolibrary.org/obo/OBI_0000470	Jiakang Chang	30/11/2018 12:00
MTBLS589	metabo_562	Technology	mass spectrometry	http://purl.obolibrary.org/obo/OBI_0000470	Jiakang Chang	30/11/2018 12:00
MTBLS591	metabo_562	Technology	mass spectrometry	http://purl.obolibrary.org/obo/OBI_0000470	Jiakang Chang	30/11/2018 12:00
MTBLS593	metabo_561	Technology	NMR spectroscopy	http://purl.obolibrary.org/obo/OBI_0000623	Jiakang Chang	30/11/2018 12:00
MTBLS594	metabo_562	Technology	mass spectrometry	http://purl.obolibrary.org/obo/OBI_0000470	Jiakang Chang	30/11/2018 12:00
MTBLS595	metabo_562	Technology	mass spectrometry	http://purl.obolibrary.org/obo/OBI_0000470	Jiakang Chang	30/11/2018 12:00
MTBLS596	metabo_562	Technology	mass spectrometry	http://purl.obolibrary.org/obo/OBI_0000470	Jiakang Chang	30/11/2018 12:00
MTBLS597	metabo_562	Technology	mass spectrometry	http://purl.obolibrary.org/obo/OBI_0000470	Jiakang Chang	30/11/2018 12:00
MTBLS598	metabo_562	Technology	mass spectrometry	http://purl.obolibrary.org/obo/OBI_0000470	Jiakang Chang	30/11/2018 12:00
MTBLS599	metabo_562	Technology	mass spectrometry	http://purl.obolibrary.org/obo/OBI_0000470	Jiakang Chang	30/11/2018 12:00
MTBLS600	metabo_562	Technology	mass spectrometry	http://purl.obolibrary.org/obo/OBI_0000470	Jiakang Chang	30/11/2018 12:00
MTBLS601	metabo_562	Technology	mass spectrometry	http://purl.obolibrary.org/obo/OBI_0000470	Jiakang Chang	30/11/2018 12:00
MTBLS602	metabo_561	Technology	NMR spectroscopy	http://purl.obolibrary.org/obo/OBI_0000623	Jiakang Chang	30/11/2018 12:00
MTBLS606	metabo_562	Technology	mass spectrometry	http://purl.obolibrary.org/obo/OBI_0000470	Jiakang Chang	30/11/2018 12:00
MTBLS607	metabo_562	Technology	mass spectrometry	http://purl.obolibrary.org/obo/OBI_0000470	Jiakang Chang	30/11/2018 12:00
MTBLS608	metabo_562	Technology	mass spectrometry	http://purl.obolibrary.org/obo/OBI_0000470	Jiakang Chang	30/11/2018 12:00
MTBLS609	metabo_562	Technology	mass spectrometry	http://purl.obolibrary.org/obo/OBI_0000470	Jiakang Chang	30/11/2018 12:00
MTBLS610	metabo_562	Technology	mass spectrometry	http://purl.obolibrary.org/obo/OBI_0000470	Jiakang Chang	30/11/2018 12:00
MTBLS611	metabo_562	Technology	mass spectrometry	http://purl.obolibrary.org/obo/OBI_0000623	Jiakang Chang	30/11/2018 12:00
MTBLS611	metabo_561	Technology	NMR spectroscopy	http://purl.obolibrary.org/obo/OBI_0000470	Jiakang Chang	30/11/2018 12:00
MTBLS612	metabo_562	Technology	mass spectrometry	http://purl.obolibrary.org/obo/OBI_0000470	Jiakang Chang	30/11/2018 12:00
MTBLS613	metabo_562	Technology	mass spectrometry	http://purl.obolibrary.org/obo/OBI_0000470	Jiakang Chang	30/11/2018 12:00
MTBLS614	metabo_562	Technology	mass spectrometry	http://purl.obolibrary.org/obo/OBI_0000470	Jiakang Chang	30/11/2018 12:00
MTBLS615	metabo_562	Technology	mass spectrometry	http://purl.obolibrary.org/obo/OBI_0000470	Jiakang Chang	30/11/2018 12:00
MTBLS616	metabo_562	Technology	mass spectrometry	http://purl.obolibrary.org/obo/OBI_0000470	Jiakang Chang	30/11/2018 12:00
MTBLS617	metabo_562	Technology	mass spectrometry	http://purl.obolibrary.org/obo/OBI_0000470	Jiakang Chang	30/11/2018 12:00
MTBLS618	metabo_562	Technology	mass spectrometry	http://purl.obolibrary.org/obo/OBI_0000470	Jiakang Chang	30/11/2018 12:00
MTBLS619	metabo_561	Technology	NMR spectroscopy	http://purl.obolibrary.org/obo/OBI_0000623	Jiakang Chang	30/11/2018 12:00
MTBLS620	metabo_562	Technology	mass spectrometry	http://purl.obolibrary.org/obo/OBI_0000470	Jiakang Chang	30/11/2018 12:00
MTBLS621	metabo_561	Technology	NMR spectroscopy	http://purl.obolibrary.org/obo/OBI_0000623	Jiakang Chang	30/11/2018 12:00
MTBLS622	metabo_561	Technology	NMR spectroscopy	http://purl.obolibrary.org/obo/OBI_0000623	Jiakang Chang	30/11/2018 12:00
MTBLS623	metabo_561	Technology	NMR spectroscopy	http://purl.obolibrary.org/obo/OBI_0000623	Jiakang Chang	30/11/2018 12:00
MTBLS624	metabo_562	Technology	mass spectrometry	http://purl.obolibrary.org/obo/OBI_0000470	Jiakang Chang	30/11/2018 12:00
MTBLS625	metabo_562	Technology	mass spectrometry	http://purl.obolibrary.org/obo/OBI_0000470	Jiakang Chang	30/11/2018 12:00
MTBLS626	metabo_561	Technology	NMR spectroscopy	http://purl.obolibrary.org/obo/OBI_0000623	Jiakang Chang	30/11/2018 12:00
MTBLS627	metabo_562	Technology	mass spectrometry	http://purl.obolibrary.org/obo/OBI_0000470	Jiakang Chang	30/11/2018 12:00
MTBLS628	metabo_562	Technology	mass spectrometry	http://purl.obolibrary.org/obo/OBI_0000470	Jiakang Chang	30/11/2018 12:00
MTBLS629	metabo_562	Technology	mass spectrometry	http://purl.obolibrary.org/obo/OBI_0000470	Jiakang Chang	30/11/2018 12:00
MTBLS630	metabo_562	Technology	mass spectrometry	http://purl.obolibrary.org/obo/OBI_0000470	Jiakang Chang	30/11/2018 12:00
MTBLS631	metabo_562	Technology	mass spectrometry	http://purl.obolibrary.org/obo/OBI_0000470	Jiakang Chang	30/11/2018 12:00
MTBLS633	metabo_562	Technology	mass spectrometry	http://purl.obolibrary.org/obo/OBI_0000470	Jiakang Chang	30/11/2018 12:00
MTBLS634	metabo_562	Technology	mass spectrometry	http://purl.obolibrary.org/obo/OBI_0000470	Jiakang Chang	30/11/2018 12:00
MTBLS636	metabo_562	Technology	mass spectrometry	http://purl.obolibrary.org/obo/OBI_0000470	Jiakang Chang	30/11/2018 12:00
MTBLS638	metabo_562	Technology	mass spectrometry	http://purl.obolibrary.org/obo/OBI_0000470	Jiakang Chang	30/11/2018 12:00
MTBLS639	metabo_561	Technology	NMR spectroscopy	http://purl.obolibrary.org/obo/OBI_0000623	Jiakang Chang	30/11/2018 12:00
MTBLS641	metabo_562	Technology	mass spectrometry	http://purl.obolibrary.org/obo/OBI_0000470	Jiakang Chang	30/11/2018 12:00
MTBLS642	metabo_562	Technology	mass spectrometry	http://purl.obolibrary.org/obo/OBI_0000470	Jiakang Chang	30/11/2018 12:00
MTBLS643	metabo_561	Technology	NMR spectroscopy	http://purl.obolibrary.org/obo/OBI_0000623	Jiakang Chang	30/11/2018 12:00
MTBLS644	metabo_562	Technology	mass spectrometry	http://purl.obolibrary.org/obo/OBI_0000470	Jiakang Chang	30/11/2018 12:00
MTBLS646	metabo_561	Technology	NMR spectroscopy	http://purl.obolibrary.org/obo/OBI_0000623	Jiakang Chang	30/11/2018 12:00
MTBLS647	metabo_562	Technology	mass spectrometry	http://purl.obolibrary.org/obo/OBI_0000470	Jiakang Chang	30/11/2018 12:00
MTBLS648	metabo_562	Technology	mass spectrometry	http://purl.obolibrary.org/obo/OBI_0000470	Jiakang Chang	30/11/2018 12:00
MTBLS650	metabo_562	Technology	mass spectrometry	http://purl.obolibrary.org/obo/OBI_0000470	Jiakang Chang	30/11/2018 12:00
MTBLS651	metabo_562	Technology	mass spectrometry	http://purl.obolibrary.org/obo/OBI_0000470	Jiakang Chang	30/11/2018 12:00
MTBLS653	metabo_562	Technology	mass spectrometry	http://purl.obolibrary.org/obo/OBI_0000470	Jiakang Chang	30/11/2018 12:00
MTBLS654	metabo_561	Technology	NMR spectroscopy	http://purl.obolibrary.org/obo/OBI_0000623	Jiakang Chang	30/11/2018 12:00
MTBLS655	metabo_562	Technology	mass spectrometry	http://purl.obolibrary.org/obo/OBI_0000470	Jiakang Chang	30/11/2018 12:00
MTBLS656	metabo_562	Technology	mass spectrometry	http://purl.obolibrary.org/obo/OBI_0000470	Jiakang Chang	30/11/2018 12:00
MTBLS658	metabo_561	Technology	NMR spectroscopy	http://purl.obolibrary.org/obo/OBI_0000623	Jiakang Chang	30/11/2018 12:00
MTBLS661	metabo_562	Technology	mass spectrometry	http://purl.obolibrary.org/obo/OBI_0000470	Jiakang Chang	30/11/2018 12:00
MTBLS662	metabo_562	Technology	mass spectrometry	http://purl.obolibrary.org/obo/OBI_0000470	Jiakang Chang	30/11/2018 12:00
MTBLS663	metabo_562	Technology	mass spectrometry	http://purl.obolibrary.org/obo/OBI_0000470	Jiakang Chang	30/11/2018 12:00
MTBLS664	metabo_562	Technology	mass spectrometry	http://purl.obolibrary.org/obo/OBI_0000470	Jiakang Chang	30/11/2018 12:00
MTBLS665	metabo_562	Technology	mass spectrometry	http://purl.obolibrary.org/obo/OBI_0000470	Jiakang Chang	30/11/2018 12:00
MTBLS666	metabo_562	Technology	mass spectrometry	http://purl.obolibrary.org/obo/OBI_0000470	Jiakang Chang	30/11/2018 12:00
MTBLS667	metabo_561	Technology	NMR spectroscopy	http://purl.obolibrary.org/obo/OBI_0000623	Jiakang Chang	30/11/2018 12:00
MTBLS668	metabo_562	Technology	mass spectrometry	http://purl.obolibrary.org/obo/OBI_0000470	Jiakang Chang	30/11/2018 12:00
MTBLS669	metabo_561	Technology	NMR spectroscopy	http://purl.obolibrary.org/obo/OBI_0000623	Jiakang Chang	30/11/2018 12:00
MTBLS670	metabo_562	Technology	mass spectrometry	http://purl.obolibrary.org/obo/OBI_0000470	Jiakang Chang	30/11/2018 12:00
MTBLS671	metabo_562	Technology	mass spectrometry	http://purl.obolibrary.org/obo/OBI_0000470	Jiakang Chang	30/11/2018 12:00
MTBLS672	metabo_562	Technology	mass spectrometry	http://purl.obolibrary.org/obo/OBI_0000470	Jiakang Chang	30/11/2018 12:00
MTBLS673	metabo_562	Technology	mass spectrometry	http://purl.obolibrary.org/obo/OBI_0000470	Jiakang Chang	30/11/2018 12:00
MTBLS675	metabo_561	Technology	NMR spectroscopy	http://purl.obolibrary.org/obo/OBI_0000623	Jiakang Chang	30/11/2018 12:00
MTBLS676	metabo_562	Technology	mass spectrometry	http://purl.obolibrary.org/obo/OBI_0000470	Jiakang Chang	30/11/2018 12:00
MTBLS678	metabo_561	Technology	NMR spectroscopy	http://purl.obolibrary.org/obo/OBI_0000623	Jiakang Chang	30/11/2018 12:00
MTBLS679	metabo_562	Technology	mass spectrometry	http://purl.obolibrary.org/obo/OBI_0000470	Jiakang Chang	30/11/2018 12:00
MTBLS680	metabo_562	Technology	mass spectrometry	http://purl.obolibrary.org/obo/OBI_0000470	Jiakang Chang	30/11/2018 12:00
MTBLS682	metabo_562	Technology	mass spectrometry	http://purl.obolibrary.org/obo/OBI_0000470	Jiakang Chang	30/11/2018 12:00
MTBLS683	metabo_562	Technology	mass spectrometry	http://purl.obolibrary.org/obo/OBI_0000470	Jiakang Chang	30/11/2018 12:00
MTBLS684	metabo_562	Technology	mass spectrometry	http://purl.obolibrary.org/obo/OBI_0000470	Jiakang Chang	30/11/2018 12:00
MTBLS685	metabo_562	Technology	mass spectrometry	http://purl.obolibrary.org/obo/OBI_0000470	Jiakang Chang	30/11/2018 12:00
MTBLS686	metabo_562	Technology	mass spectrometry	http://purl.obolibrary.org/obo/OBI_0000470	Jiakang Chang	30/11/2018 12:00
MTBLS687	metabo_562	Technology	mass spectrometry	http://purl.obolibrary.org/obo/OBI_0000470	Jiakang Chang	30/11/2018 12:00
MTBLS688	metabo_562	Technology	mass spectrometry	http://purl.obolibrary.org/obo/OBI_0000470	Jiakang Chang	30/11/2018 12:00
MTBLS689	metabo_562	Technology	mass spectrometry	http://purl.obolibrary.org/obo/OBI_0000470	Jiakang Chang	30/11/2018 12:00
MTBLS690	metabo_562	Technology	mass spectrometry	http://purl.obolibrary.org/obo/OBI_0000470	Jiakang Chang	30/11/2018 12:00
MTBLS691	metabo_562	Technology	mass spectrometry	http://purl.obolibrary.org/obo/OBI_0000470	Jiakang Chang	30/11/2018 12:00
MTBLS692	metabo_562	Technology	mass spectrometry	http://purl.obolibrary.org/obo/OBI_0000470	Jiakang Chang	30/11/2018 12:00
MTBLS693	metabo_562	Technology	mass spectrometry	http://purl.obolibrary.org/obo/OBI_0000470	Jiakang Chang	30/11/2018 12:00
MTBLS694	metabo_562	Technology	mass spectrometry	http://purl.obolibrary.org/obo/OBI_0000623	Jiakang Chang	30/11/2018 12:00
MTBLS694	metabo_561	Technology	NMR spectroscopy	http://purl.obolibrary.org/obo/OBI_0000470	Jiakang Chang	30/11/2018 12:00
MTBLS695	metabo_562	Technology	mass spectrometry	http://purl.obolibrary.org/obo/OBI_0000470	Jiakang Chang	30/11/2018 12:00
MTBLS696	metabo_562	Technology	mass spectrometry	http://purl.obolibrary.org/obo/OBI_0000470	Jiakang Chang	30/11/2018 12:00
MTBLS698	metabo_562	Technology	mass spectrometry	http://purl.obolibrary.org/obo/OBI_0000470	Jiakang Chang	30/11/2018 12:00
MTBLS699	metabo_562	Technology	mass spectrometry	http://purl.obolibrary.org/obo/OBI_0000470	Jiakang Chang	30/11/2018 12:00
MTBLS700	metabo_562	Technology	mass spectrometry	http://purl.obolibrary.org/obo/OBI_0000470	Jiakang Chang	30/11/2018 12:00
MTBLS701	metabo_562	Technology	mass spectrometry	http://purl.obolibrary.org/obo/OBI_0000470	Jiakang Chang	30/11/2018 12:00
MTBLS703	metabo_562	Technology	mass spectrometry	http://purl.obolibrary.org/obo/OBI_0000470	Jiakang Chang	30/11/2018 12:00
MTBLS704	metabo_562	Technology	mass spectrometry	http://purl.obolibrary.org/obo/OBI_0000470	Jiakang Chang	30/11/2018 12:00
MTBLS705	metabo_561	Technology	NMR spectroscopy	http://purl.obolibrary.org/obo/OBI_0000623	Jiakang Chang	30/11/2018 12:00
MTBLS706	metabo_562	Technology	mass spectrometry	http://purl.obolibrary.org/obo/OBI_0000470	Jiakang Chang	30/11/2018 12:00
MTBLS707	metabo_562	Technology	mass spectrometry	http://purl.obolibrary.org/obo/OBI_0000470	Jiakang Chang	30/11/2018 12:00
MTBLS708	metabo_562	Technology	mass spectrometry	http://purl.obolibrary.org/obo/OBI_0000470	Jiakang Chang	30/11/2018 12:00
MTBLS709	metabo_562	Technology	mass spectrometry	http://purl.obolibrary.org/obo/OBI_0000470	Jiakang Chang	30/11/2018 12:00
MTBLS710	metabo_562	Technology	mass spectrometry	http://purl.obolibrary.org/obo/OBI_0000470	Jiakang Chang	30/11/2018 12:00
MTBLS720	metabo_561	Technology	NMR spectroscopy	http://purl.obolibrary.org/obo/OBI_0000623	Jiakang Chang	30/11/2018 12:00
MTBLS721	metabo_562	Technology	mass spectrometry	http://purl.obolibrary.org/obo/OBI_0000470	Jiakang Chang	30/11/2018 12:00
MTBLS722	metabo_562	Technology	mass spectrometry	http://purl.obolibrary.org/obo/OBI_0000470	Jiakang Chang	30/11/2018 12:00
MTBLS723	metabo_561	Technology	NMR spectroscopy	http://purl.obolibrary.org/obo/OBI_0000623	Jiakang Chang	30/11/2018 12:00
MTBLS724	metabo_562	Technology	mass spectrometry	http://purl.obolibrary.org/obo/OBI_0000470	Jiakang Chang	30/11/2018 12:00
MTBLS726	metabo_562	Technology	mass spectrometry	http://purl.obolibrary.org/obo/OBI_0000470	Jiakang Chang	30/11/2018 12:00
MTBLS727	metabo_562	Technology	mass spectrometry	http://purl.obolibrary.org/obo/OBI_0000470	Jiakang Chang	30/11/2018 12:00
MTBLS728	metabo_562	Technology	mass spectrometry	http://purl.obolibrary.org/obo/OBI_0000470	Jiakang Chang	30/11/2018 12:00
MTBLS729	metabo_562	Technology	mass spectrometry	http://purl.obolibrary.org/obo/OBI_0000470	Jiakang Chang	30/11/2018 12:00
MTBLS731	metabo_562	Technology	mass spectrometry	http://purl.obolibrary.org/obo/OBI_0000470	Jiakang Chang	30/11/2018 12:00
MTBLS732	metabo_562	Technology	mass spectrometry	http://purl.obolibrary.org/obo/OBI_0000470	Jiakang Chang	30/11/2018 12:00
MTBLS733	metabo_562	Technology	mass spectrometry	http://purl.obolibrary.org/obo/OBI_0000470	Jiakang Chang	30/11/2018 12:00
MTBLS734	metabo_561	Technology	NMR spectroscopy	http://purl.obolibrary.org/obo/OBI_0000623	Jiakang Chang	30/11/2018 12:00
MTBLS735	metabo_562	Technology	mass spectrometry	http://purl.obolibrary.org/obo/OBI_0000470	Jiakang Chang	30/11/2018 12:00
MTBLS736	metabo_562	Technology	mass spectrometry	http://purl.obolibrary.org/obo/OBI_0000470	Jiakang Chang	30/11/2018 12:00
MTBLS737	metabo_562	Technology	mass spectrometry	http://purl.obolibrary.org/obo/OBI_0000470	Jiakang Chang	30/11/2018 12:00
MTBLS738	metabo_562	Technology	mass spectrometry	http://purl.obolibrary.org/obo/OBI_0000470	Jiakang Chang	30/11/2018 12:00
MTBLS739	metabo_562	Technology	mass spectrometry	http://purl.obolibrary.org/obo/OBI_0000470	Jiakang Chang	30/11/2018 12:00
MTBLS740	metabo_561	Technology	NMR spectroscopy	http://purl.obolibrary.org/obo/OBI_0000623	Jiakang Chang	30/11/2018 12:00
MTBLS741	metabo_562	Technology	mass spectrometry	http://purl.obolibrary.org/obo/OBI_0000470	Jiakang Chang	30/11/2018 12:00
MTBLS742	metabo_562	Technology	mass spectrometry	http://purl.obolibrary.org/obo/OBI_0000470	Jiakang Chang	30/11/2018 12:00
MTBLS743	metabo_562	Technology	mass spectrometry	http://purl.obolibrary.org/obo/OBI_0000470	Jiakang Chang	30/11/2018 12:00
MTBLS744	metabo_562	Technology	mass spectrometry	http://purl.obolibrary.org/obo/OBI_0000470	Jiakang Chang	30/11/2018 12:00
MTBLS745	metabo_562	Technology	mass spectrometry	http://purl.obolibrary.org/obo/OBI_0000470	Jiakang Chang	30/11/2018 12:00
MTBLS746	metabo_562	Technology	mass spectrometry	http://purl.obolibrary.org/obo/OBI_0000470	Jiakang Chang	30/11/2018 12:00
MTBLS748	metabo_562	Technology	mass spectrometry	http://purl.obolibrary.org/obo/OBI_0000470	Jiakang Chang	30/11/2018 12:00
MTBLS749	metabo_562	Technology	mass spectrometry	http://purl.obolibrary.org/obo/OBI_0000470	Jiakang Chang	30/11/2018 12:00
MTBLS750	metabo_562	Technology	mass spectrometry	http://purl.obolibrary.org/obo/OBI_0000470	Jiakang Chang	30/11/2018 12:00
MTBLS751	metabo_562	Technology	mass spectrometry	http://purl.obolibrary.org/obo/OBI_0000470	Jiakang Chang	30/11/2018 12:00
MTBLS752	metabo_562	Technology	mass spectrometry	http://purl.obolibrary.org/obo/OBI_0000470	Jiakang Chang	30/11/2018 12:00
MTBLS753	metabo_562	Technology	mass spectrometry	http://purl.obolibrary.org/obo/OBI_0000470	Jiakang Chang	30/11/2018 12:00
MTBLS754	metabo_562	Technology	mass spectrometry	http://purl.obolibrary.org/obo/OBI_0000470	Jiakang Chang	30/11/2018 12:00
MTBLS755	metabo_562	Technology	mass spectrometry	http://purl.obolibrary.org/obo/OBI_0000470	Jiakang Chang	30/11/2018 12:00
MTBLS756	metabo_562	Technology	mass spectrometry	http://purl.obolibrary.org/obo/OBI_0000470	Jiakang Chang	30/11/2018 12:00
MTBLS757	metabo_562	Technology	mass spectrometry	http://purl.obolibrary.org/obo/OBI_0000470	Jiakang Chang	30/11/2018 12:00
MTBLS758	metabo_562	Technology	mass spectrometry	http://purl.obolibrary.org/obo/OBI_0000470	Jiakang Chang	30/11/2018 12:00
MTBLS759	metabo_562	Technology	mass spectrometry	http://purl.obolibrary.org/obo/OBI_0000470	Jiakang Chang	30/11/2018 12:00
MTBLS760	metabo_562	Technology	mass spectrometry	http://purl.obolibrary.org/obo/OBI_0000470	Jiakang Chang	30/11/2018 12:00
MTBLS761	metabo_561	Technology	NMR spectroscopy	http://purl.obolibrary.org/obo/OBI_0000623	Jiakang Chang	30/11/2018 12:00
MTBLS762	metabo_562	Technology	mass spectrometry	http://purl.obolibrary.org/obo/OBI_0000470	Jiakang Chang	30/11/2018 12:00
MTBLS763	metabo_562	Technology	mass spectrometry	http://purl.obolibrary.org/obo/OBI_0000470	Jiakang Chang	30/11/2018 12:00
MTBLS764	metabo_561	Technology	NMR spectroscopy	http://purl.obolibrary.org/obo/OBI_0000623	Jiakang Chang	30/11/2018 12:00
MTBLS765	metabo_562	Technology	mass spectrometry	http://purl.obolibrary.org/obo/OBI_0001478	Jiakang Chang	30/11/2018 12:00
MTBLS767	metabo_562	Technology	mass spectrometry	http://purl.obolibrary.org/obo/OBI_0000470	Jiakang Chang	30/11/2018 12:00
MTBLS768	metabo_562	Technology	mass spectrometry	http://purl.obolibrary.org/obo/OBI_0000470	Jiakang Chang	30/11/2018 12:00
MTBLS769	metabo_562	Technology	mass spectrometry	http://purl.obolibrary.org/obo/OBI_0000470	Jiakang Chang	30/11/2018 12:00
MTBLS770	metabo_562	Technology	mass spectrometry	http://purl.obolibrary.org/obo/OBI_0000470	Jiakang Chang	30/11/2018 12:00
MTBLS771	metabo_562	Technology	mass spectrometry	http://purl.obolibrary.org/obo/OBI_0000470	Jiakang Chang	30/11/2018 12:00
MTBLS772	metabo_562	Technology	mass spectrometry	http://purl.obolibrary.org/obo/OBI_0000470	Jiakang Chang	30/11/2018 12:00
MTBLS773	metabo_562	Technology	mass spectrometry	http://purl.obolibrary.org/obo/OBI_0000470	Jiakang Chang	30/11/2018 12:00
MTBLS775	metabo_562	Technology	mass spectrometry	http://purl.obolibrary.org/obo/OBI_0000470	Jiakang Chang	30/11/2018 12:00
MTBLS777	metabo_562	Technology	mass spectrometry	http://purl.obolibrary.org/obo/OBI_0000470	Jiakang Chang	30/11/2018 12:00
MTBLS779	metabo_562	Technology	mass spectrometry	http://purl.obolibrary.org/obo/OBI_0000470	Jiakang Chang	30/11/2018 12:00
MTBLS780	metabo_562	Technology	mass spectrometry	http://purl.obolibrary.org/obo/OBI_0000470	Jiakang Chang	30/11/2018 12:00
MTBLS781	metabo_561	Technology	NMR spectroscopy	http://purl.obolibrary.org/obo/OBI_0000623	Jiakang Chang	30/11/2018 12:00
MTBLS783	metabo_562	Technology	mass spectrometry	http://purl.obolibrary.org/obo/OBI_0000470	Jiakang Chang	30/11/2018 12:00
MTBLS784	metabo_562	Technology	mass spectrometry	http://purl.obolibrary.org/obo/OBI_0000470	Jiakang Chang	30/11/2018 12:00
MTBLS785	metabo_562	Technology	mass spectrometry	http://purl.obolibrary.org/obo/OBI_0000470	Jiakang Chang	30/11/2018 12:00
MTBLS786	metabo_562	Technology	mass spectrometry	http://purl.obolibrary.org/obo/OBI_0000470	Jiakang Chang	30/11/2018 12:00
MTBLS788	metabo_562	Technology	mass spectrometry	http://purl.obolibrary.org/obo/OBI_0000470	Jiakang Chang	30/11/2018 12:00
MTBLS789	metabo_562	Technology	mass spectrometry	http://purl.obolibrary.org/obo/OBI_0000470	Jiakang Chang	30/11/2018 12:00
MTBLS791	metabo_562	Technology	mass spectrometry	http://purl.obolibrary.org/obo/OBI_0000470	Jiakang Chang	30/11/2018 12:00
MTBLS792	metabo_562	Technology	mass spectrometry	http://purl.obolibrary.org/obo/OBI_0000470	Jiakang Chang	30/11/2018 12:00
MTBLS793	metabo_562	Technology	mass spectrometry	http://purl.obolibrary.org/obo/OBI_0000470	Jiakang Chang	30/11/2018 12:00
MTBLS794	metabo_562	Technology	mass spectrometry	http://purl.obolibrary.org/obo/OBI_0000623	Jiakang Chang	30/11/2018 12:00
MTBLS794	metabo_561	Technology	NMR spectroscopy	http://purl.obolibrary.org/obo/OBI_0000470	Jiakang Chang	30/11/2018 12:00
MTBLS796	metabo_562	Technology	mass spectrometry	http://purl.obolibrary.org/obo/OBI_0000623	Jiakang Chang	30/11/2018 12:00
MTBLS796	metabo_561	Technology	NMR spectroscopy	http://purl.obolibrary.org/obo/OBI_0000470	Jiakang Chang	30/11/2018 12:00
MTBLS797	metabo_562	Technology	mass spectrometry	http://purl.obolibrary.org/obo/OBI_0000470	Jiakang Chang	30/11/2018 12:00