studyID	Study Factor Name	Study Factor Type	Study Factor Type Term Accession Number
MTBLS5	CarbonDioxide_Quantity_after_initiation	air carbon dioxide content	http://purl.obolibrary.org/obo/XCO_0000012
MTBLS5	CarbonDioxide_Quantity_after_01d	air carbon dioxide content	http://purl.obolibrary.org/obo/XCO_0000012
MTBLS6	Spike in volume	Spike in volume	
MTBLS6	Retention Time Modulation	Retention Time Modulation	
MTBLS6	Min Number Ions	Min Number Ions	
MTBLS6	Relative Intensity	Relative Intensity	
MTBLS6	Skewing	Skewing	
MTBLS7	Container_after_initiation	Container	http://purl.obolibrary.org/obo/XEO_00040
MTBLS7	Container_after_14d	Container	http://purl.obolibrary.org/obo/XEO_00040
MTBLS7	Plants/Container_Quantity_after_14d	Quantity	
MTBLS7	Total Light_100pc_after_initiation	duration	http://www.ebi.ac.uk/efo/EFO_0000433
MTBLS7	Total Light_0pc_after_initiation	duration	http://www.ebi.ac.uk/efo/EFO_0000433
MTBLS7	Total Light_100pc_after_07d	duration	http://www.ebi.ac.uk/efo/EFO_0000433
MTBLS7	Total Light_0pc_after_07d	duration	http://www.ebi.ac.uk/efo/EFO_0000433
MTBLS7	Total Light_100pc_after_28d	duration	http://www.ebi.ac.uk/efo/EFO_0000433
MTBLS7	Total Light_0pc_after_28d	duration	http://www.ebi.ac.uk/efo/EFO_0000433
MTBLS7	Medium_after_initiation	media	http://www.ebi.ac.uk/efo/EFO_0000579
MTBLS7	Medium_after_14d	media	http://www.ebi.ac.uk/efo/EFO_0000579
MTBLS11	Container_after_initiation	Container	http://purl.obolibrary.org/obo/XEO_00040
MTBLS11	Container_after_14d	Container	http://purl.obolibrary.org/obo/XEO_00040
MTBLS11	Plants/Container_Quantity_after_14d	Quantity	
MTBLS11	Total Light_100pc_after_initiation	duration	http://www.ebi.ac.uk/efo/EFO_0000433
MTBLS11	Total Light_0pc_after_initiation	duration	http://www.ebi.ac.uk/efo/EFO_0000433
MTBLS11	Total Light_100pc_after_07d	duration	http://www.ebi.ac.uk/efo/EFO_0000433
MTBLS11	Total Light_0pc_after_07d	duration	http://www.ebi.ac.uk/efo/EFO_0000433
MTBLS11	Total Light_100pc_after_28d	duration	http://www.ebi.ac.uk/efo/EFO_0000433
MTBLS11	Total Light_0pc_after_28d	duration	http://www.ebi.ac.uk/efo/EFO_0000433
MTBLS11	Medium_after_initiation	media	http://www.ebi.ac.uk/efo/EFO_0000579
MTBLS11	Medium_after_14d	media	http://www.ebi.ac.uk/efo/EFO_0000579
MTBLS12	Container_after_initiation	Container	http://purl.obolibrary.org/obo/XEO_00040
MTBLS12	Container_after_14d	Container	http://purl.obolibrary.org/obo/XEO_00040
MTBLS12	Plants/Container_Quantity_after_14d	Quantity	
MTBLS12	Total Light_100pc_after_initiation	duration	http://www.ebi.ac.uk/efo/EFO_0000433
MTBLS12	Total Light_0pc_after_initiation	duration	http://www.ebi.ac.uk/efo/EFO_0000433
MTBLS12	Total Light_100pc_after_07d	duration	http://www.ebi.ac.uk/efo/EFO_0000433
MTBLS12	Total Light_0pc_after_07d	duration	http://www.ebi.ac.uk/efo/EFO_0000433
MTBLS12	Medium_after_initiation	media	http://www.ebi.ac.uk/efo/EFO_0000579
MTBLS12	Medium_after_14d	media	http://www.ebi.ac.uk/efo/EFO_0000579
MTBLS13	Container_after_initiation	Container	http://purl.obolibrary.org/obo/XEO_00040
MTBLS13	Container_after_14d	Container	http://purl.obolibrary.org/obo/XEO_00040
MTBLS13	Plants/Container_Quantity_after_14d	Quantity	
MTBLS13	Total Light_100pc_after_initiation	duration	http://www.ebi.ac.uk/efo/EFO_0000433
MTBLS13	Total Light_0pc_after_initiation	duration	http://www.ebi.ac.uk/efo/EFO_0000433
MTBLS13	Total Light_100pc_after_07d	duration	http://www.ebi.ac.uk/efo/EFO_0000433
MTBLS13	Total Light_0pc_after_07d	duration	http://www.ebi.ac.uk/efo/EFO_0000433
MTBLS13	Medium_after_initiation	media	http://www.ebi.ac.uk/efo/EFO_0000579
MTBLS13	Medium_after_14d	media	http://www.ebi.ac.uk/efo/EFO_0000579
MTBLS14	Container_after_initiation	Container	http://purl.obolibrary.org/obo/XEO_00040
MTBLS14	Container_after_04d	Container	http://purl.obolibrary.org/obo/XEO_00040
MTBLS14	RelativeHumidity_after_04d	Relative humidity	http://purl.bioontology.org/ontology/SNOMEDCT/250829009
MTBLS14	Salt_Quantity_after_initiation	Concentration	
MTBLS14	Salt_Quantity_after_08d	Concentration	
MTBLS14	Salt_Quantity_after_12d	Concentration	
MTBLS14	Salt_Quantity_after_16d	Concentration	
MTBLS14	Temperature_after_04d	temperature	http://www.ebi.ac.uk/efo/EFO_0001702
MTBLS14	Total Light_On_after_04d	duration	http://www.ebi.ac.uk/efo/EFO_0000433
MTBLS14	Total Light_Off_after_04d	duration	http://www.ebi.ac.uk/efo/EFO_0000433
MTBLS14	Medium_after_initiation	media	http://www.ebi.ac.uk/efo/EFO_0000579
MTBLS14	Medium_after_04d	media	http://www.ebi.ac.uk/efo/EFO_0000579
MTBLS14	Watering_after_04d	Watering	http://purl.obolibrary.org/obo/XEO_00124
MTBLS15	Container_after_initiation	Container	http://purl.obolibrary.org/obo/XEO_00040
MTBLS15	Container_after_04d	Container	http://purl.obolibrary.org/obo/XEO_00040
MTBLS15	RelativeHumidity_after_04d	Relative humidity	http://purl.bioontology.org/ontology/SNOMEDCT/250829009
MTBLS15	Salt_Quantity_after_initiation	Concentration	
MTBLS15	Salt_Quantity_after_08d	Concentration	
MTBLS15	Salt_Quantity_after_12d	Concentration	
MTBLS15	Salt_Quantity_after_16d	Concentration	
MTBLS15	Temperature_after_04d	temperature	http://www.ebi.ac.uk/efo/EFO_0001702
MTBLS15	Total Light_On_after_04d	duration	http://www.ebi.ac.uk/efo/EFO_0000433
MTBLS15	Total Light_Off_after_04d	duration	http://www.ebi.ac.uk/efo/EFO_0000433
MTBLS15	Medium_after_initiation	media	http://www.ebi.ac.uk/efo/EFO_0000579
MTBLS15	Medium_after_04d	media	http://www.ebi.ac.uk/efo/EFO_0000579
MTBLS15	Watering_after_04d	Watering	http://purl.obolibrary.org/obo/XEO_00124
MTBLS16	Container_after_initiation	Container	http://purl.obolibrary.org/obo/XEO_00040
MTBLS16	Container_after_04d	Container	http://purl.obolibrary.org/obo/XEO_00040
MTBLS16	RelativeHumidity_after_04d	Relative humidity	http://purl.bioontology.org/ontology/SNOMEDCT/250829009
MTBLS16	Salt_Quantity_after_initiation	Concentration	
MTBLS16	Salt_Quantity_after_08d	Concentration	
MTBLS16	Salt_Quantity_after_12d	Concentration	
MTBLS16	Salt_Quantity_after_16d	Concentration	
MTBLS16	Temperature_after_04d	temperature	http://www.ebi.ac.uk/efo/EFO_0001702
MTBLS16	Total Light_On_after_04d	duration	http://www.ebi.ac.uk/efo/EFO_0000433
MTBLS16	Total Light_Off_after_04d	duration	http://www.ebi.ac.uk/efo/EFO_0000433
MTBLS16	Medium_after_initiation	media	http://www.ebi.ac.uk/efo/EFO_0000579
MTBLS16	Medium_after_04d	media	http://www.ebi.ac.uk/efo/EFO_0000579
MTBLS16	Watering_after_04d	Watering	http://purl.obolibrary.org/obo/XEO_00124
MTBLS21	Cultivation Year	Date	http://ncicb.nci.nih.gov/xml/owl/EVS/Thesaurus.owl#C25164
MTBLS21	CO2 Concentration	concentration	http://purl.obolibrary.org/obo/CHMO_0002820
MTBLS22	Container_after_initiation	ContainerEnum	http://purl.bioontology.org/ontology/XEO/XEO:00040
MTBLS22	Salt_Quantity_after_initiation	Quantity	
MTBLS22	Salt_Quantity_after_04d	Quantity	
MTBLS22	Salt_Quantity_after_08d	Quantity	
MTBLS22	Salt_Quantity_after_12d	Quantity	
MTBLS22	Salt_Quantity_after_16d	Quantity	
MTBLS22	Medium_after_initiation	media	http://www.ebi.ac.uk/efo/EFO_0000579
MTBLS22	Watering_after_initiation	Watering	http://purl.obolibrary.org/obo/XEO_00124
MTBLS24	Time Collected Urine sample	timepoint	http://www.ebi.ac.uk/efo/EFO_0000724
MTBLS27	Most recent treatment	Therapeutic Procedure	http://ncicb.nci.nih.gov/xml/owl/EVS/Thesaurus.owl#C49236
MTBLS27	Time elapsed between last chemotherapy and serum collection	timepoint	http://www.ebi.ac.uk/efo/EFO_0000724
MTBLS27	Time elapsed between last radiation therapy and serum collection	timepoint	http://www.ebi.ac.uk/efo/EFO_0000724
MTBLS29	Level measurement type	Level measurement type	
MTBLS29	Cell number	Cell Count	http://ncicb.nci.nih.gov/xml/owl/EVS/Thesaurus.owl#C48938
MTBLS29	Glucose source	Isotope	http://ncicb.nci.nih.gov/xml/owl/EVS/Thesaurus.owl#C47933
MTBLS35	growth conditon	Growth Medium	http://ncicb.nci.nih.gov/xml/owl/EVS/Thesaurus.owl#C85504
MTBLS35	harvested	timepoint	http://www.ebi.ac.uk/efo/EFO_0000724
MTBLS36	Cultivars	cultivar	http://www.ebi.ac.uk/efo/EFO_0005136
MTBLS36	Sample Time	timepoint	http://www.ebi.ac.uk/efo/EFO_0000724
MTBLS37	Cell Phase	timepoint	http://www.ebi.ac.uk/efo/EFO_0000724
MTBLS39	Year of Harvesting	Date	http://ncicb.nci.nih.gov/xml/owl/EVS/Thesaurus.owl#C25164
MTBLS41	Container_after_initiation	ContainerEnum	http://purl.bioontology.org/ontology/XEO/XEO:00040
MTBLS41	Salt_Quantity_after_initiation	Quantity	
MTBLS41	Salt_Quantity_after_04d	Quantity	
MTBLS41	Salt_Quantity_after_08d	Quantity	
MTBLS41	Salt_Quantity_after_12d	Quantity	
MTBLS41	Salt_Quantity_after_16d	Quantity	
MTBLS41	Medium_after_initiation	media	http://www.ebi.ac.uk/efo/EFO_0000579
MTBLS41	Watering_after_initiation	Watering	http://purl.obolibrary.org/obo/XEO_00124
MTBLS42	Container_after_initiation	ContainerEnum	http://purl.bioontology.org/ontology/XEO/XEO:00040
MTBLS42	Salt_Quantity_after_initiation	Quantity	
MTBLS42	Salt_Quantity_after_04d	Quantity	
MTBLS42	Salt_Quantity_after_08d	Quantity	
MTBLS42	Salt_Quantity_after_12d	Quantity	
MTBLS42	Salt_Quantity_after_16d	Quantity	
MTBLS42	Medium_after_initiation	media	http://www.ebi.ac.uk/efo/EFO_0000579
MTBLS42	Watering_after_initiation	Watering	http://purl.obolibrary.org/obo/XEO_00124
MTBLS43	Salt_Quantity_after_initiation	Quantity	
MTBLS43	Salt_Quantity_after_08d	Quantity	
MTBLS43	Salt_Quantity_after_12d	Quantity	
MTBLS43	Salt_Quantity_after_16d	Quantity	
MTBLS44	Salt_Quantity_after_initiation	Quantity	
MTBLS44	Salt_Quantity_after_08d	Quantity	
MTBLS44	Salt_Quantity_after_12d	Quantity	
MTBLS44	Salt_Quantity_after_16d	Quantity	
MTBLS46	cardiovascular risk status	cardiovascular risk status	
MTBLS48	Chemical Exposure 	Group	http://ncicb.nci.nih.gov/xml/owl/EVS/Thesaurus.owl#C43359
MTBLS52	drought treatment	drought environment	http://purl.obolibrary.org/obo/EO_0007404
MTBLS52	time point of drought duration	timepoint	http://www.ebi.ac.uk/efo/EFO_0000724
MTBLS53	Incubation time	timepoint	http://www.ebi.ac.uk/efo/EFO_0000724
MTBLS53	Renal cancer cells	Yes or No Response	http://ncicb.nci.nih.gov/xml/owl/EVS/Thesaurus.owl#C38147
MTBLS54	Salt_Quantity_after_initiation	Quantity	
MTBLS54	Salt_Quantity_after_08d	Quantity	
MTBLS54	Salt_Quantity_after_12d	Quantity	
MTBLS54	Salt_Quantity_after_16d	Quantity	
MTBLS55	Storage type	Group	http://ncicb.nci.nih.gov/xml/owl/EVS/Thesaurus.owl#C43359
MTBLS55	Storage time	timepoint	http://www.ebi.ac.uk/efo/EFO_0000724
MTBLS58	Sample Growth Conditions	Group	http://ncicb.nci.nih.gov/xml/owl/EVS/Thesaurus.owl#C43359
MTBLS59	Apple Sample	biological replicate	http://www.ebi.ac.uk/efo/EFO_0002091
MTBLS61	ABCC6 genotype	genotype	http://www.ebi.ac.uk/efo/EFO_0000513
MTBLS61	Ectonucleotidase inhibition	Group	http://ncicb.nci.nih.gov/xml/owl/EVS/Thesaurus.owl#C43359
MTBLS62	Country of origin	geographic location	http://purl.obolibrary.org/obo/GAZ_00000448
MTBLS62	Population ID	population	http://purl.obolibrary.org/obo/OBI_0000181
MTBLS62	MFFGC accession no.	Accession Number	http://ncicb.nci.nih.gov/xml/owl/EVS/Thesaurus.owl#C25402
MTBLS63	Country of origin	geographic location	http://purl.obolibrary.org/obo/GAZ_00000448
MTBLS63	Population ID	population	http://purl.obolibrary.org/obo/OBI_0000181
MTBLS63	MFFGC accession no.	Accession Number	http://ncicb.nci.nih.gov/xml/owl/EVS/Thesaurus.owl#C25402
MTBLS64	Country of origin	geographic location	http://purl.obolibrary.org/obo/GAZ_00000448
MTBLS64	Population ID	population	http://purl.obolibrary.org/obo/OBI_0000181
MTBLS64	MFFGC accession no.	Accession Number	http://ncicb.nci.nih.gov/xml/owl/EVS/Thesaurus.owl#C25402
MTBLS65	Country of origin	geographic location	http://purl.obolibrary.org/obo/GAZ_00000448
MTBLS65	Population ID	population	http://purl.obolibrary.org/obo/OBI_0000181
MTBLS65	MFFGC accession no.	Accession Number	http://ncicb.nci.nih.gov/xml/owl/EVS/Thesaurus.owl#C25402
MTBLS66	Country of origin	geographic location	http://purl.obolibrary.org/obo/GAZ_00000448
MTBLS66	Population ID	population	http://purl.obolibrary.org/obo/OBI_0000181
MTBLS66	MFFGC accession no.	Accession Number	http://ncicb.nci.nih.gov/xml/owl/EVS/Thesaurus.owl#C25402
MTBLS67	Time in nitrogen starvation	timepoint	http://www.ebi.ac.uk/efo/EFO_0000724
MTBLS68	Country of origin	geographic location	http://purl.obolibrary.org/obo/GAZ_00000448
MTBLS68	Population ID	population	http://purl.obolibrary.org/obo/OBI_0000181
MTBLS68	MFFGC accession no.	Accession Number	http://ncicb.nci.nih.gov/xml/owl/EVS/Thesaurus.owl#C25402
MTBLS72	Cognitive Status	Group	http://ncicb.nci.nih.gov/xml/owl/EVS/Thesaurus.owl#C43359
MTBLS73	Cultivars	cultivar	http://www.ebi.ac.uk/efo/EFO_0005136
MTBLS73	Sample Time	timepoint	http://www.ebi.ac.uk/efo/EFO_0000724
MTBLS73	Acquisition date	Date	http://ncicb.nci.nih.gov/xml/owl/EVS/Thesaurus.owl#C25164
MTBLS74	Extraction replicate	technical replicate	http://www.ebi.ac.uk/efo/EFO_0002090
MTBLS74	Injection replicate	technical replicate	http://www.ebi.ac.uk/efo/EFO_0002090
MTBLS75	Primary Phototrophic cyanobacteria	organism	http://purl.obolibrary.org/obo/OBI_0100026
MTBLS75	Harvesting Time	timepoint	http://www.ebi.ac.uk/efo/EFO_0000724
MTBLS75	Experimental Replication	replicate	http://www.ebi.ac.uk/efo/EFO_0000683
MTBLS76	Plate Position	position	http://purl.obolibrary.org/obo/PATO_0000140
MTBLS81	Total Protein in LD	Total Protein in LD	
MTBLS81	Total acylglycerol in LD	Total acylglycerol in LD	
MTBLS81	Age at sacrifice	age	http://www.ebi.ac.uk/efo/EFO_0000246
MTBLS83	eg. gender		
MTBLS85	Addition of TEA	Yes or No Response	http://ncicb.nci.nih.gov/xml/owl/EVS/Thesaurus.owl#C38147
MTBLS86	EthAc percentage	volume percentage	http://purl.obolibrary.org/obo/UO_0000165
MTBLS89	Client Identifier	Identifier	http://ncicb.nci.nih.gov/xml/owl/EVS/Thesaurus.owl#C25364
MTBLS89	Run day	Day	http://ncicb.nci.nih.gov/xml/owl/EVS/Thesaurus.owl#C25301
MTBLS89	Column number	Identifier	http://ncicb.nci.nih.gov/xml/owl/EVS/Thesaurus.owl#C25364
MTBLS89	OSMO		
MTBLS89	Challenge Day	day	http://purl.obolibrary.org/obo/UO_0000033
MTBLS89	Challenge Time of Day		
MTBLS89	Time of Day	time	http://www.ebi.ac.uk/efo/EFO_0000721
MTBLS90	injection number	technical replicate	http://www.ebi.ac.uk/efo/EFO_0002090
MTBLS90	Analysis date	Date	http://ncicb.nci.nih.gov/xml/owl/EVS/Thesaurus.owl#C25164
MTBLS90	Season of sample collection	Season	http://ncicb.nci.nih.gov/xml/owl/EVS/Thesaurus.owl#C94729
MTBLS91	treatment days	timepoint	http://www.ebi.ac.uk/efo/EFO_0000724
MTBLS91	CO2 concentration	concentration	http://purl.obolibrary.org/obo/CHMO_0002820
MTBLS92	Chemotherapy response	Yes, No, or Unknown Response	http://ncicb.nci.nih.gov/xml/owl/EVS/Thesaurus.owl#C38148
MTBLS92	T-stage	tumor stage	http://www.ebi.ac.uk/efo/EFO_0004925
MTBLS92	N-stage	N stage	http://www.ebi.ac.uk/efo/EFO_0004927
MTBLS93	Injection number	technical replicate	http://purl.obolibrary.org/obo/MS_1001808
MTBLS93	Analysis date	Date	http://ncicb.nci.nih.gov/xml/owl/EVS/Thesaurus.owl#C25164
MTBLS93	Cluster effect	Cluster effect	
MTBLS96	Experimental Group	Group	http://ncicb.nci.nih.gov/xml/owl/EVS/Thesaurus.owl#C43359
MTBLS98	infection stage	Phase	http://ncicb.nci.nih.gov/xml/owl/EVS/Thesaurus.owl#C25257
MTBLS99	Apple number	biological replicate	http://www.ebi.ac.uk/efo/EFO_0002091
MTBLS99	Injection number	technical replicate	http://www.ebi.ac.uk/efo/EFO_0002090
MTBLS100	control sample group	Control	http://ncicb.nci.nih.gov/xml/owl/EVS/Thesaurus.owl#C61299
MTBLS102	host cell line	cell line	http://www.ebi.ac.uk/efo/EFO_0000322
MTBLS103	HIAE	Group	http://ncicb.nci.nih.gov/xml/owl/EVS/Thesaurus.owl#C43359
MTBLS104	Neuropeptide Y and Y2 receptorblocker treatment	treatment	http://www.ebi.ac.uk/efo/EFO_0000727
MTBLS113	Euglena strain	Group	http://ncicb.nci.nih.gov/xml/owl/EVS/Thesaurus.owl#C43359
MTBLS113	Anoxia incubation time	timepoint	http://www.ebi.ac.uk/efo/EFO_0000724
MTBLS113	Carbonate addition	Boolean	http://ncicb.nci.nih.gov/xml/owl/EVS/Thesaurus.owl#C45254
MTBLS113	Culture days before anoxia incubation	timepoint	http://www.ebi.ac.uk/efo/EFO_0000724
MTBLS115	tRNA mistranslation	Yes or No Response	http://ncicb.nci.nih.gov/xml/owl/EVS/Thesaurus.owl#C38147
MTBLS115	cell growth phase	growth phase culture	http://purl.obolibrary.org/obo/BTO_0001900
MTBLS116	Experiment 	Experiment	http://ncicb.nci.nih.gov/xml/owl/EVS/Thesaurus.owl#C42790
MTBLS116	Variability Level	Location	http://ncicb.nci.nih.gov/xml/owl/EVS/Thesaurus.owl#C25341
MTBLS119	Growth Year	Date	http://ncicb.nci.nih.gov/xml/owl/EVS/Thesaurus.owl#C25164
MTBLS120	Chemotype	Chemotype	
MTBLS124	Injection number	technical replicate	http://www.ebi.ac.uk/efo/EFO_0002090
MTBLS124	Analysis date	Date	http://ncicb.nci.nih.gov/xml/owl/EVS/Thesaurus.owl#C25164
MTBLS124	Plate effect	Group	http://ncicb.nci.nih.gov/xml/owl/EVS/Thesaurus.owl#C43359
MTBLS127	Resveratrol concentration	concentration	http://purl.obolibrary.org/obo/CHMO_0002820
MTBLS131	Truss number	biological replicate	http://www.ebi.ac.uk/efo/EFO_0002091
MTBLS132	Truss number	biological replicate	http://www.ebi.ac.uk/efo/EFO_0002091
MTBLS136	AgeAtBloodDraw	age	http://www.ebi.ac.uk/efo/EFO_0000246
MTBLS136	CurrentPMH	treatment	http://www.ebi.ac.uk/efo/EFO_0000727
MTBLS142	Compound origin	organism	http://purl.obolibrary.org/obo/OBI_0100026
MTBLS142	Compound origin part	organism part	http://www.ebi.ac.uk/efo/EFO_0000635
MTBLS143	TreatPhase1	treatment	http://www.ebi.ac.uk/efo/EFO_0000727
MTBLS143	TreatPhase2	treatment	http://www.ebi.ac.uk/efo/EFO_0000727
MTBLS143	ExposureDurationPhase1	duration	http://www.ebi.ac.uk/efo/EFO_0000433
MTBLS143	ExposureDurationPhase2	duration	http://www.ebi.ac.uk/efo/EFO_0000433
MTBLS143	TestItemPhase1	treatment	http://www.ebi.ac.uk/efo/EFO_0000727
MTBLS143	TestItemPhase2	treatment	http://www.ebi.ac.uk/efo/EFO_0000727
MTBLS145	Exercise protocol	Exercise	http://ncicb.nci.nih.gov/xml/owl/EVS/Thesaurus.owl#C16567
MTBLS146	Run order	Run order	
MTBLS146	Pregnancy duration	timepoint	http://www.ebi.ac.uk/efo/EFO_0000724
MTBLS146	Current chronological age	age	http://www.ebi.ac.uk/efo/EFO_0000246
MTBLS148	Injection order	Injection order	
MTBLS149	treatment with HLJDD	Group	http://ncicb.nci.nih.gov/xml/owl/EVS/Thesaurus.owl#C43359
MTBLS150	Peturbation	Group	http://ncicb.nci.nih.gov/xml/owl/EVS/Thesaurus.owl#C43359
MTBLS151	brown planthopper treatment	Boolean	http://ncicb.nci.nih.gov/xml/owl/EVS/Thesaurus.owl#C45254
MTBLS151	time course	timepoint	http://www.ebi.ac.uk/efo/EFO_0000724
MTBLS156	incubation time	timepoint	http://www.ebi.ac.uk/efo/EFO_0000724
MTBLS158	Animal ID	Identification	http://ncicb.nci.nih.gov/xml/owl/EVS/Thesaurus.owl#C25737
MTBLS162	Disease State	Group	http://ncicb.nci.nih.gov/xml/owl/EVS/Thesaurus.owl#C43359
MTBLS163	Endocannabinoid class	endocannabinoid	http://purl.obolibrary.org/obo/CHEBI_67197
MTBLS163	Plasma fraction	Group	http://ncicb.nci.nih.gov/xml/owl/EVS/Thesaurus.owl#C43359
MTBLS165	Panda mother	Mother	http://ncicb.nci.nih.gov/xml/owl/EVS/Thesaurus.owl#C25189
MTBLS165	Mother age	age	http://www.ebi.ac.uk/efo/EFO_0000246
MTBLS170	MRSA_inhibition	Boolean	http://ncicb.nci.nih.gov/xml/owl/EVS/Thesaurus.owl#C45254
MTBLS170	SA_inhibition	Boolean	http://ncicb.nci.nih.gov/xml/owl/EVS/Thesaurus.owl#C45254
MTBLS171	Derivatisation reagent	Reagent	http://ncicb.nci.nih.gov/xml/owl/EVS/Thesaurus.owl#C802
MTBLS174	Steatosis 	fatty liver	http://www.ebi.ac.uk/efo/EFO_0003934
MTBLS175	Experimental Group	concentration	http://purl.obolibrary.org/obo/CHMO_0002820
MTBLS175	MeJA treatment 	Group	http://ncicb.nci.nih.gov/xml/owl/EVS/Thesaurus.owl#C43359
MTBLS176	Human OSCC	squamous cell carcinoma	http://purl.bioontology.org/ontology/CSP/2000-3145
MTBLS176	Microbial interaction	Microbial Interactions	http://purl.bioontology.org/ontology/MESH/D056265
MTBLS177	time post exposure	timepoint	http://www.ebi.ac.uk/efo/EFO_0000724
MTBLS178	Sasang Constitution	Sasang constitutional medicine type	http://www.ebi.ac.uk/efo/EFO_0007119
MTBLS179	Serum glucose	Serum Glucose Measurement	http://ncicb.nci.nih.gov/xml/owl/EVS/Thesaurus.owl#C61027
MTBLS179	Collection method	Biospecimen Collection Method	http://ncicb.nci.nih.gov/xml/owl/EVS/Thesaurus.owl#C70700
MTBLS183	Incubation time	timepoint	http://www.ebi.ac.uk/efo/EFO_0000724
MTBLS184	Incubation time	timepoint	http://www.ebi.ac.uk/efo/EFO_0000724
MTBLS187	Time collected	time	http://www.ebi.ac.uk/efo/EFO_0000721
MTBLS187	Sample Replicate	biological replicate	http://www.ebi.ac.uk/efo/EFO_0002091
MTBLS187	Technical Replicate Number	technical replicate	http://www.ebi.ac.uk/efo/EFO_0002090
MTBLS188	spike-in concentration	concentration	http://purl.obolibrary.org/obo/CHMO_0002820
MTBLS194	Sample Matrix	matrix	http://purl.obolibrary.org/obo/CHMO_0002743
MTBLS196	Time Collected	timepoint	http://www.ebi.ac.uk/efo/EFO_0000724
MTBLS200	CA Type	neoplasm	http://www.ebi.ac.uk/efo/EFO_0000616
MTBLS200	Dis-free survival	disease free survival	http://www.ebi.ac.uk/efo/EFO_0000409
MTBLS200	Dis. Prog	Resistance Process	http://ncicb.nci.nih.gov/xml/owl/EVS/Thesaurus.owl#C41546
MTBLS208	Nitrogen deprivation	timepoint	http://www.ebi.ac.uk/efo/EFO_0000724
MTBLS209	domestication	Group	http://ncicb.nci.nih.gov/xml/owl/EVS/Thesaurus.owl#C43359
MTBLS216	Experimental Group	Group	http://ncicb.nci.nih.gov/xml/owl/EVS/Thesaurus.owl#C43359
MTBLS217	Experimental Group	Group	http://ncicb.nci.nih.gov/xml/owl/EVS/Thesaurus.owl#C43359
MTBLS226	time post exposure	timepoint	http://www.ebi.ac.uk/efo/EFO_0000724
MTBLS227	Biol. Replicate	biological replicate	http://purl.obolibrary.org/obo/MS_1001809
MTBLS227	Tech. replicate	technical replicate	http://purl.obolibrary.org/obo/MS_1001808
MTBLS227	Tumour site	Tumor site	http://purl.bioontology.org/ontology/SNOMEDCT/371480007
MTBLS227	CDX1/Villin	CDX1/Villin	
MTBLS228	incubation time	duration	http://www.ebi.ac.uk/efo/EFO_0000433
MTBLS229	incubation time	duration	http://www.ebi.ac.uk/efo/EFO_0000433
MTBLS230	Cell Culture Media	Growth Medium	http://ncicb.nci.nih.gov/xml/owl/EVS/Thesaurus.owl#C85504
MTBLS233	Scan range	scan	http://purl.obolibrary.org/obo/MS_1000441
MTBLS234	spike-in concentration	concentration	http://purl.obolibrary.org/obo/CHMO_0002820
MTBLS235	simulated detector noise	detector noise	
MTBLS235	simulated mass error	mass error	
MTBLS235	simulated error profile distortion	error profile distortion	
MTBLS237	Years with disease 	timepoint	http://www.ebi.ac.uk/efo/EFO_0000724
MTBLS237	Family disposition	Boolean	http://ncicb.nci.nih.gov/xml/owl/EVS/Thesaurus.owl#C45254
MTBLS237	Steroid response	Boolean	http://ncicb.nci.nih.gov/xml/owl/EVS/Thesaurus.owl#C45254
MTBLS237	Steroid dependency	Boolean	http://ncicb.nci.nih.gov/xml/owl/EVS/Thesaurus.owl#C45254
MTBLS237	HB-score	Score	http://ncicb.nci.nih.gov/xml/owl/EVS/Thesaurus.owl#C25338
MTBLS237	Mayo-score	Score	http://ncicb.nci.nih.gov/xml/owl/EVS/Thesaurus.owl#C25338
MTBLS237	Extraintestinal manifestations	clinical manifestation	http://purl.obolibrary.org/obo/TRAK_0000092
MTBLS237	Drug Treatment Asetylsalicylic acid	Boolean	http://ncicb.nci.nih.gov/xml/owl/EVS/Thesaurus.owl#C45254
MTBLS237	Drug Treatment Local Asetylsalicylic acid	Boolean	http://ncicb.nci.nih.gov/xml/owl/EVS/Thesaurus.owl#C45254
MTBLS237	Drug Treatment Azathioprine	Boolean	http://ncicb.nci.nih.gov/xml/owl/EVS/Thesaurus.owl#C45254
MTBLS237	Drug Treatment 6-mercaptopurine	Boolean	http://ncicb.nci.nih.gov/xml/owl/EVS/Thesaurus.owl#C45254
MTBLS237	Drug Treatment Salazopurine	Boolean	http://ncicb.nci.nih.gov/xml/owl/EVS/Thesaurus.owl#C45254
MTBLS237	Drug Treatment Systemic steroids	Boolean	http://ncicb.nci.nih.gov/xml/owl/EVS/Thesaurus.owl#C45254
MTBLS237	Drug Treatment Local steroids	Boolean	http://ncicb.nci.nih.gov/xml/owl/EVS/Thesaurus.owl#C45254
MTBLS237	Drug Treatment Infliximab 	Boolean	http://ncicb.nci.nih.gov/xml/owl/EVS/Thesaurus.owl#C45254
MTBLS237	Disease Characterisation 	disease	http://www.ebi.ac.uk/efo/EFO_0000408
MTBLS244	ID8 coculture	Boolean	http://ncicb.nci.nih.gov/xml/owl/EVS/Thesaurus.owl#C45254
MTBLS244	incubation time	timepoint	http://www.ebi.ac.uk/efo/EFO_0000724
MTBLS249	COPD Diagnosis	Diagnosis Group	http://ncicb.nci.nih.gov/xml/owl/EVS/Thesaurus.owl#C49650
MTBLS249	COPD Status	Group	http://ncicb.nci.nih.gov/xml/owl/EVS/Thesaurus.owl#C43359
MTBLS249	Pre or Post Training visit	Group	http://ncicb.nci.nih.gov/xml/owl/EVS/Thesaurus.owl#C43359
MTBLS249	Pre or Post-exercise	Group	http://ncicb.nci.nih.gov/xml/owl/EVS/Thesaurus.owl#C43359
MTBLS249	BMI b/t	body mass index	http://www.ebi.ac.uk/efo/EFO_0004340
MTBLS249	BMI a/t	body mass index	http://www.ebi.ac.uk/efo/EFO_0004340
MTBLS249	FFMI b/t	fat free mass index (FFMI)	http://purl.obolibrary.org/obo/CMO_0000306
MTBLS249	FFMI a/t	fat free mass index (FFMI)	http://purl.obolibrary.org/obo/CMO_0000306
MTBLS249	FEV pred	forced expiratory volume	http://www.ebi.ac.uk/efo/EFO_0004314
MTBLS249	FEV/FVC ratio	forced expiratory volume to forced vital capacity ratio	http://purl.obolibrary.org/obo/CMO_0000241
MTBLS249	complex index b/t	complex index	
MTBLS249	complex index a/t	complex index	
MTBLS249	TLC b/t	Total Lung Capacity	http://ncicb.nci.nih.gov/xml/owl/EVS/Thesaurus.owl#C111325
MTBLS249	TLC pred b/t	Percent Predicted Total Lung Capacity	http://ncicb.nci.nih.gov/xml/owl/EVS/Thesaurus.owl#C112388
MTBLS249	RV b/t	Residual Volume	http://ncicb.nci.nih.gov/xml/owl/EVS/Thesaurus.owl#C89836
MTBLS249	RV pred b/t	Percent Predicted Residual Volume	http://ncicb.nci.nih.gov/xml/owl/EVS/Thesaurus.owl#C112385
MTBLS249	IC b/t	Inspiratory Capacity	http://ncicb.nci.nih.gov/xml/owl/EVS/Thesaurus.owl#C111362
MTBLS249	IC pred b/t	Percent Predicted Inspiratory Capacity	http://ncicb.nci.nih.gov/xml/owl/EVS/Thesaurus.owl#C112382
MTBLS249	IC/TLC ratio	Inspiratory capacity to Total Lung capacity ratio	
MTBLS249	DLCO b/t	Diffusion capacity of lung	http://purl.bioontology.org/ontology/SNOMEDCT/54715006
MTBLS249	DLCO pred b/t	Diffusion capacity of lung	http://purl.bioontology.org/ontology/SNOMEDCT/54715006
MTBLS249	PaCO2	partial pressure of blood carbon dioxide (Pco2)	http://purl.obolibrary.org/obo/CMO_0000283
MTBLS249	VO2 Peak b/t	maximal oxygen uptake measurement	http://www.ebi.ac.uk/efo/EFO_0004887
MTBLS249	VO2 Peak b/t ml/min	maximal oxygen uptake measurement	http://www.ebi.ac.uk/efo/EFO_0004887
MTBLS249	VO2 Peak pred b/t	maximal oxygen uptake measurement	http://www.ebi.ac.uk/efo/EFO_0004887
MTBLS249	VO2 Peak a/t	maximal oxygen uptake measurement	http://www.ebi.ac.uk/efo/EFO_0004887
MTBLS249	VO2 Peak a/t ml/min	maximal oxygen uptake measurement	http://www.ebi.ac.uk/efo/EFO_0004887
MTBLS249	VO2 Peak pred a/t	maximal oxygen uptake measurement	http://www.ebi.ac.uk/efo/EFO_0004887
MTBLS249	workload b/t	Activity workload	http://dicom.nema.org/resources/ontology/DCM/122709
MTBLS249	workload a/t	Activity workload	http://dicom.nema.org/resources/ontology/DCM/122709
MTBLS249	MVV b/t	maximal volume ventilation (MVV)	http://purl.obolibrary.org/obo/CMO_0000255
MTBLS249	MVV pred b/t	maximal volume ventilation (MVV)	http://purl.obolibrary.org/obo/CMO_0000255
MTBLS249	MVV a/t	maximal volume ventilation (MVV)	http://purl.obolibrary.org/obo/CMO_0000255
MTBLS249	MVV pred a/t	maximal volume ventilation (MVV)	http://purl.obolibrary.org/obo/CMO_0000255
MTBLS249	heart rate b/t	heart rate	http://www.ebi.ac.uk/efo/EFO_0004326
MTBLS249	heart rate pred b/t	heart rate	http://www.ebi.ac.uk/efo/EFO_0004326
MTBLS249	heart rate a/t	heart rate	http://www.ebi.ac.uk/efo/EFO_0004326
MTBLS249	heart rate pred a/t	heart rate	http://www.ebi.ac.uk/efo/EFO_0004326
MTBLS249	Lactate b/t b/e	lactate measurement	http://www.ebi.ac.uk/efo/EFO_0007745
MTBLS249	Lactate b/t a/e	lactate measurement	http://www.ebi.ac.uk/efo/EFO_0007745
MTBLS249	Lactate a/t b/e	lactate measurement	http://www.ebi.ac.uk/efo/EFO_0007745
MTBLS249	Lactate a/t a/e	lactate measurement	http://www.ebi.ac.uk/efo/EFO_0007745
MTBLS249	Walk b/t	Walking	http://ncicb.nci.nih.gov/xml/owl/EVS/Thesaurus.owl#C73554
MTBLS249	Walk a/t	Walking	http://ncicb.nci.nih.gov/xml/owl/EVS/Thesaurus.owl#C73554
MTBLS256	disease state	disease_state	http://purl.bioontology.org/NEMO/ontology/NEMO.owl#NEMO_5159000
MTBLS260	Treatment group	treatment	http://www.ebi.ac.uk/efo/EFO_0000727
MTBLS263	Injection replicate	technical replicate	http://www.ebi.ac.uk/efo/EFO_0002090
MTBLS263	Preparation replicate	biological replicate	http://www.ebi.ac.uk/efo/EFO_0002091
MTBLS264	sample material	Tissue	http://ncicb.nci.nih.gov/xml/owl/EVS/Thesaurus.owl#C12801
MTBLS264	volunteer	Clinical Trial Subject	http://ncicb.nci.nih.gov/xml/owl/EVS/Thesaurus.owl#C70668
MTBLS269	Sample material	Tissue	http://purl.bioontology.org/ontology/STY/T024
MTBLS269	Fasting time	timepoint	http://www.ebi.ac.uk/efo/EFO_0000724
MTBLS270	Temperature of forcing	temperature	http://www.ebi.ac.uk/efo/EFO_0001702
MTBLS270	Duration of forcing	duration	http://www.ebi.ac.uk/efo/EFO_0000433
MTBLS272	Experimental groups	concentration	http://purl.obolibrary.org/obo/CHMO_0002820
MTBLS273	Glandular tissue	Boolean	http://ncicb.nci.nih.gov/xml/owl/EVS/Thesaurus.owl#C45254
MTBLS273	Stroma tissue	Boolean	http://ncicb.nci.nih.gov/xml/owl/EVS/Thesaurus.owl#C45254
MTBLS276	Pulldown	Pulldown	
MTBLS277	Nano material	nanomaterial	
MTBLS282	Section location	3D coordinates	http://purl.org/incf/ontology/Computational_Neurosciences/cno_alpha.owl#cno_0000154
MTBLS283	Control/Ikaros	control	http://www.ebi.ac.uk/efo/EFO_0001461
MTBLS286	rice seed developmental stage	days after flowering	
MTBLS286	different cultivar	cultivar	http://www.ebi.ac.uk/efo/EFO_0005136
MTBLS287	rice seed developmental stage	days after flowering	
MTBLS287	different cultivar	cultivar	http://www.ebi.ac.uk/efo/EFO_0005136
MTBLS288	rice seed developmental stage	days after flowering	
MTBLS288	different cultivar	cultivar	http://www.ebi.ac.uk/efo/EFO_0005136
MTBLS289	Patient ID	Patient	http://ncicb.nci.nih.gov/xml/owl/EVS/Thesaurus.owl#C16960
MTBLS289	Tissue type	Tissue	http://ncicb.nci.nih.gov/xml/owl/EVS/Thesaurus.owl#C12801
MTBLS289	Tissue location	Location	http://ncicb.nci.nih.gov/xml/owl/EVS/Thesaurus.owl#C25341
MTBLS289	Year analysed	Date	http://ncicb.nci.nih.gov/xml/owl/EVS/Thesaurus.owl#C25164
MTBLS290	Sample collection time	timepoint	http://www.ebi.ac.uk/efo/EFO_0000724
MTBLS292	harvesting time	timepoint	http://www.ebi.ac.uk/efo/EFO_0000724
MTBLS293	sampling date	Date	http://ncicb.nci.nih.gov/xml/owl/EVS/Thesaurus.owl#C25164
MTBLS296	metabolomics/lipidomics	omics experiment on specimen	http://purl.obolibrary.org/obo/OMIABIS_0001014
MTBLS298	liver fat	fatty liver disease	http://purl.obolibrary.org/obo/DOID_9452
MTBLS298	low dose insulin infusion	low dose insulin infusion	
MTBLS298	serum type	Body Part	http://ncicb.nci.nih.gov/xml/owl/EVS/Thesaurus.owl#C32221
MTBLS306	Exercise set	Group	http://ncicb.nci.nih.gov/xml/owl/EVS/Thesaurus.owl#C43359
MTBLS307	mzXML conversion mode	Polarity	http://ncicb.nci.nih.gov/xml/owl/EVS/Thesaurus.owl#C48048
MTBLS309	Bicarbonate treatment	Group	http://ncicb.nci.nih.gov/xml/owl/EVS/Thesaurus.owl#C43359
MTBLS311	Bicarbonate treatment	Group	http://ncicb.nci.nih.gov/xml/owl/EVS/Thesaurus.owl#C43359
MTBLS311	Light condition	controlled visible light condition	http://purl.obolibrary.org/obo/XCO_0000181
MTBLS311	Bicarbonate concentration	concentration	http://purl.obolibrary.org/obo/CHMO_0002820
MTBLS313	mouse status	wild type	http://www.bioassayontology.org/bao#BAO_0000089
MTBLS315	patient group	disease	http://www.ebi.ac.uk/efo/EFO_0000408
MTBLS315	diff_basophils	basophils differential	
MTBLS315	diff_eosinophils	eosinophils differential	
MTBLS315	diff_monocytes	monocytes differential	
MTBLS315	diff_lymphocytes	lymphocytes differential	
MTBLS315	diff_neutrophils	neutrophils differential	
MTBLS315	total red blood cell count	number density	
MTBLS315	P. falciparum parasite density	number density	
MTBLS315	duration illness prior to hospital admission	duration	http://www.ebi.ac.uk/efo/EFO_0000433
MTBLS315	malaria rapid diagnostic test	test result	http://www.ebi.ac.uk/efo/EFO_0000720
MTBLS315	clinical outcome	Status	http://ncicb.nci.nih.gov/xml/owl/EVS/Thesaurus.owl#C25688
MTBLS315	severe malnutrition	Yes or No Response	http://ncicb.nci.nih.gov/xml/owl/EVS/Thesaurus.owl#C38147
MTBLS315	prior antimalaria treatment	Yes or No Response	http://ncicb.nci.nih.gov/xml/owl/EVS/Thesaurus.owl#C38147
MTBLS315	prior antibiotic treatment	Yes or No Response	http://ncicb.nci.nih.gov/xml/owl/EVS/Thesaurus.owl#C38147
MTBLS320	geneknockout	gene knock out	http://www.ebi.ac.uk/efo/EFO_0000506
MTBLS322	Nandrolone duration	timepoint	http://www.ebi.ac.uk/efo/EFO_0000724
MTBLS322	Nandrolone dose	dose	http://www.ebi.ac.uk/efo/EFO_0000428
MTBLS322	Tendon release	timepoint	http://www.ebi.ac.uk/efo/EFO_0000724
MTBLS322	Tendon reattachment	timepoint	http://www.ebi.ac.uk/efo/EFO_0000724
MTBLS323	Plate number	Number	http://ncicb.nci.nih.gov/xml/owl/EVS/Thesaurus.owl#C25337
MTBLS323	Plate position	position	http://purl.obolibrary.org/obo/PATO_0000140
MTBLS326	IP3R expression	Group	http://ncicb.nci.nih.gov/xml/owl/EVS/Thesaurus.owl#C43359
MTBLS328	Lactobacillus rhamnosus LGG	Boolean	http://ncicb.nci.nih.gov/xml/owl/EVS/Thesaurus.owl#C45254
MTBLS332	GM41	Boolean	http://ncicb.nci.nih.gov/xml/owl/EVS/Thesaurus.owl#C45254
MTBLS332	BT03	Boolean	http://ncicb.nci.nih.gov/xml/owl/EVS/Thesaurus.owl#C45254
MTBLS333	Cultivation Year	Date	http://ncicb.nci.nih.gov/xml/owl/EVS/Thesaurus.owl#C25164
MTBLS333	Storage conditions	temperature	http://www.ebi.ac.uk/efo/EFO_0001702
MTBLS333	Freezing method	Freezing	http://ncicb.nci.nih.gov/xml/owl/EVS/Thesaurus.owl#C48160
MTBLS334	Treatment 	treatment	http://www.ebi.ac.uk/efo/EFO_0000727
MTBLS334	Diet 	diet	http://www.ebi.ac.uk/efo/EFO_0002755
MTBLS335	Methanol extraction	concentration	http://purl.obolibrary.org/obo/CHMO_0002820
MTBLS335	tissue type	plant organ	http://purl.obolibrary.org/obo/PO_0009008
MTBLS337	PARP inhibitor concentration	concentration	http://purl.obolibrary.org/obo/CHMO_0002820
MTBLS342	Coral Species	organism	http://purl.obolibrary.org/obo/OBI_0100026
MTBLS342	Spectral Normalization	Extract Weight	
MTBLS343	Storage Time	Boolean	http://ncicb.nci.nih.gov/xml/owl/EVS/Thesaurus.owl#C45254
MTBLS349	Time elapsed	timepoint	http://www.ebi.ac.uk/efo/EFO_0000724
MTBLS354	disease state	disease_state	http://purl.bioontology.org/NEMO/ontology/NEMO.owl#NEMO_5159000
MTBLS356	Participant type	Group	http://ncicb.nci.nih.gov/xml/owl/EVS/Thesaurus.owl#C43359
MTBLS358	Ethinicity	ethnic group	http://www.ebi.ac.uk/efo/EFO_0001799
MTBLS360	Compound 	Group	http://ncicb.nci.nih.gov/xml/owl/EVS/Thesaurus.owl#C43359
MTBLS360	Time post exposure 	timepoint	http://www.ebi.ac.uk/efo/EFO_0000724
MTBLS361	Tissue location	Location	http://ncicb.nci.nih.gov/xml/owl/EVS/Thesaurus.owl#C25341
MTBLS361	Experimental group	Group	http://ncicb.nci.nih.gov/xml/owl/EVS/Thesaurus.owl#C43359
MTBLS367	Time elapsed	timepoint	http://www.ebi.ac.uk/efo/EFO_0000724
MTBLS368	B3 Vitamin	Small Molecule	http://ncicb.nci.nih.gov/xml/owl/EVS/Thesaurus.owl#C48809
MTBLS372	Time of first grafting	Date	http://ncicb.nci.nih.gov/xml/owl/EVS/Thesaurus.owl#C25164
MTBLS372	Age at time of first grafting	age	http://www.ebi.ac.uk/efo/EFO_0000246
MTBLS372	Dieback score	Score	http://ncicb.nci.nih.gov/xml/owl/EVS/Thesaurus.owl#C25338
MTBLS375	Time after treatment	timepoint	http://www.ebi.ac.uk/efo/EFO_0000724
MTBLS380	tissue type	Tissue	http://ncicb.nci.nih.gov/xml/owl/EVS/Thesaurus.owl#C12801
MTBLS381	spike-in concentration	concentration	http://purl.obolibrary.org/obo/CHMO_0002820
MTBLS384	Extraction method	solvent extraction	http://purl.obolibrary.org/obo/CHMO_0001598
MTBLS384	Injection batch	block	http://www.ebi.ac.uk/efo/EFO_0005067
MTBLS385	Tissue type	Tissue Sample	http://ncicb.nci.nih.gov/xml/owl/EVS/Thesaurus.owl#C19697
MTBLS386	Biofluid	Body Fluid or Substance	http://ncicb.nci.nih.gov/xml/owl/EVS/Thesaurus.owl#C13236
MTBLS386	Human state	Patient Physiological Condition	http://ncicb.nci.nih.gov/xml/owl/EVS/Thesaurus.owl#C69192
MTBLS387	Gene transfection	gene knockdown by shRNA transfection	http://www.bioassayontology.org/bao#BAO_0002437
MTBLS389	Stress duration	duration	http://www.ebi.ac.uk/efo/EFO_0000433
MTBLS389	Medium additive	treatment	http://www.ebi.ac.uk/efo/EFO_0000727
MTBLS390	tissue type	Tissue	http://ncicb.nci.nih.gov/xml/owl/EVS/Thesaurus.owl#C12801
MTBLS392	vintage	Date	http://ncicb.nci.nih.gov/xml/owl/EVS/Thesaurus.owl#C25164
MTBLS393	Inducer conditions	Inducer	http://ncicb.nci.nih.gov/xml/owl/EVS/Thesaurus.owl#C120268
MTBLS395	Death within 2 years from ACS	Death	http://ncicb.nci.nih.gov/xml/owl/EVS/Thesaurus.owl#C28554
MTBLS403	tea type	Tea	http://purl.bioontology.org/ontology/MESH/D013662
MTBLS403	Maufacturing process	Manufacture	http://ncicb.nci.nih.gov/xml/owl/EVS/Thesaurus.owl#C43360
MTBLS403	Withering duration	timepoint	http://www.ebi.ac.uk/efo/EFO_0000724
MTBLS404	Injection order	Injection order	
MTBLS408	Run order	Run order	
MTBLS410	parasitization	Boolean	http://ncicb.nci.nih.gov/xml/owl/EVS/Thesaurus.owl#C45254
MTBLS412	Plate surface area	area	http://www.ebi.ac.uk/efo/EFO_0001696
MTBLS412	Incubation time	timepoint	http://www.ebi.ac.uk/efo/EFO_0000724
MTBLS414	Remote ischemic conditioning	Group	http://ncicb.nci.nih.gov/xml/owl/EVS/Thesaurus.owl#C43359
MTBLS415	Section location	position	http://purl.obolibrary.org/obo/PATO_0000140
MTBLS417	Sample group	Group	http://ncicb.nci.nih.gov/xml/owl/EVS/Thesaurus.owl#C43359
MTBLS419	time post exposure	hour	http://purl.obolibrary.org/obo/UO_0000032
MTBLS420	Nonobstructive azoospermia	Group	http://ncicb.nci.nih.gov/xml/owl/EVS/Thesaurus.owl#C43359
MTBLS423	Lifestyle intervention	Preventive Intervention	http://ncicb.nci.nih.gov/xml/owl/EVS/Thesaurus.owl#C15843
MTBLS424	Breast cancer diagnosis	Cancer Diagnosis	http://ncicb.nci.nih.gov/xml/owl/EVS/Thesaurus.owl#C16213
MTBLS424	Breast cancer relapse	disease recurrence	http://www.ebi.ac.uk/efo/EFO_0004952
MTBLS424	Histological grade	Histologic Grade	http://ncicb.nci.nih.gov/xml/owl/EVS/Thesaurus.owl#C18000
MTBLS424	Time to relapse	timepoint	http://www.ebi.ac.uk/efo/EFO_0000724
MTBLS425	CM source	Origin	http://ncicb.nci.nih.gov/xml/owl/EVS/Thesaurus.owl#C42703
MTBLS427	Diabetes Status	Group	http://ncicb.nci.nih.gov/xml/owl/EVS/Thesaurus.owl#C43359
MTBLS428	Sampling date	Date	http://ncicb.nci.nih.gov/xml/owl/EVS/Thesaurus.owl#C25164
MTBLS429	Sample location	Location	http://ncicb.nci.nih.gov/xml/owl/EVS/Thesaurus.owl#C25341
MTBLS430	Time post exposure	timepoint	http://www.ebi.ac.uk/efo/EFO_0000724
MTBLS431	Phage infection	infection	http://www.ebi.ac.uk/efo/EFO_0000544
MTBLS433	Production Type	Production	http://ncicb.nci.nih.gov/xml/owl/EVS/Thesaurus.owl#C112927
MTBLS433	Fruitiness	Score	http://ncicb.nci.nih.gov/xml/owl/EVS/Thesaurus.owl#C25338
MTBLS433	Pungent	Score	http://ncicb.nci.nih.gov/xml/owl/EVS/Thesaurus.owl#C25338
MTBLS433	Fusty	Score	http://ncicb.nci.nih.gov/xml/owl/EVS/Thesaurus.owl#C25338
MTBLS433	Musty	Score	http://ncicb.nci.nih.gov/xml/owl/EVS/Thesaurus.owl#C25338
MTBLS433	Rancid	Score	http://ncicb.nci.nih.gov/xml/owl/EVS/Thesaurus.owl#C25338
MTBLS433	Oil quality	quality	http://www.ifomis.org/bfo/1.1/snap#Quality
MTBLS434	genotype_commonName	gene	http://purl.obolibrary.org/obo/SO_0000704
MTBLS434	genotype_systematicName	open reading frame	http://purl.bioontology.org/ontology/CSP/1257-3600
MTBLS434	analysis_time	time	http://www.ebi.ac.uk/efo/EFO_0000721
MTBLS434	sample_type	sample	http://purl.obolibrary.org/obo/MS_1000457
MTBLS436	Anabolic treatment	treatment	http://www.ebi.ac.uk/efo/EFO_0000727
MTBLS437	Gene suppression	gene silencing	http://purl.obolibrary.org/obo/GO_0016458
MTBLS437	Selection marker gene	Genetic Marker	http://ncicb.nci.nih.gov/xml/owl/EVS/Thesaurus.owl#C16622
MTBLS437	Cultivation technique	Cultivation technique	
MTBLS437	Postharvest handling	Postharvest handling	
MTBLS441	Time after Inoculation	timepoint	http://www.ebi.ac.uk/efo/EFO_0000724
MTBLS444	Human state	physiological state	http://purl.obolibrary.org/obo/PATO_0001912
MTBLS445	Month of collection	Month	http://informatics.mayo.edu/TEO.owl#TEO_0000050
MTBLS445	Year of collection	Year	http://informatics.mayo.edu/TEO.owl#TEO_0000051
MTBLS447	Plant Tissue	portion of plant tissue	http://purl.obolibrary.org/obo/PO_0009007
MTBLS449	Fetal exposure during pregnancy	Boolean	http://ncicb.nci.nih.gov/xml/owl/EVS/Thesaurus.owl#C45254
MTBLS449	Gestation Period	gestation period length	http://purl.obolibrary.org/obo/CMO_0000467
MTBLS449	Maternal Viral load	Viral Load	http://ncicb.nci.nih.gov/xml/owl/EVS/Thesaurus.owl#C51952
MTBLS449	time post exposure	timepoint	http://www.ebi.ac.uk/efo/EFO_0000724
MTBLS450	Mediator Arabidopsis complex	core mediator complex	http://purl.obolibrary.org/obo/GO_0070847
MTBLS451	Fermetation process	protocol	http://purl.obolibrary.org/obo/OBI_0000272
MTBLS453	toxic load	Group	http://ncicb.nci.nih.gov/xml/owl/EVS/Thesaurus.owl#C43359
MTBLS453	experiment duration	timepoint	http://www.ebi.ac.uk/efo/EFO_0000724
MTBLS454	In Vitro / In Vivo	Bioassay	http://ncicb.nci.nih.gov/xml/owl/EVS/Thesaurus.owl#C16341
MTBLS455	Protein challenge	Amyloid Protein	http://ontology.neuinfo.org/NIF/BiomaterialEntities/NIF-Molecule.owl#sao7278684532
MTBLS457	Bd exposure	Group	http://ncicb.nci.nih.gov/xml/owl/EVS/Thesaurus.owl#C43359
MTBLS457	Bd exposure date	Date	http://ncicb.nci.nih.gov/xml/owl/EVS/Thesaurus.owl#C25164
MTBLS457	Post mortem dissection	Date	http://ncicb.nci.nih.gov/xml/owl/EVS/Thesaurus.owl#C25164
MTBLS457	Site-specific Bd exposure	Group	http://ncicb.nci.nih.gov/xml/owl/EVS/Thesaurus.owl#C43359
MTBLS457	Clinical state at time of death	Group	http://ncicb.nci.nih.gov/xml/owl/EVS/Thesaurus.owl#C43359
MTBLS457	Bd exposed	Boolean	http://ncicb.nci.nih.gov/xml/owl/EVS/Thesaurus.owl#C45254
MTBLS457	Sham exposed	Boolean	http://ncicb.nci.nih.gov/xml/owl/EVS/Thesaurus.owl#C45254
MTBLS457	4 day post-exposure sampling	Boolean	http://ncicb.nci.nih.gov/xml/owl/EVS/Thesaurus.owl#C45254
MTBLS457	8 day post-exposure sampling	Boolean	http://ncicb.nci.nih.gov/xml/owl/EVS/Thesaurus.owl#C45254
MTBLS457	14 day post-exposure sampling	Boolean	http://ncicb.nci.nih.gov/xml/owl/EVS/Thesaurus.owl#C45254
MTBLS457	Sampling group	Group	http://ncicb.nci.nih.gov/xml/owl/EVS/Thesaurus.owl#C43359
MTBLS457	Survival duration	timepoint	http://www.ebi.ac.uk/efo/EFO_0000724
MTBLS460	Time post-inoculation	timepoint	http://www.ebi.ac.uk/efo/EFO_0000724
MTBLS461	Whole seawater	volume percent	http://purl.obolibrary.org/obo/UO_0000165
MTBLS479	concentration of willow bark extract	dose	http://www.ebi.ac.uk/efo/EFO_0000428
MTBLS479	treatment with human fecal suspension	treatment	http://www.ebi.ac.uk/efo/EFO_0000727
MTBLS479	incubation time	sampling time	http://www.ebi.ac.uk/efo/EFO_0000689
MTBLS481	alkali stress	treatment	http://www.ebi.ac.uk/efo/EFO_0000727
MTBLS482	Treatment concentration	concentration	http://purl.obolibrary.org/obo/CHMO_0002820
MTBLS483	Treatment time	timepoint	http://www.ebi.ac.uk/efo/EFO_0000724
MTBLS484	Pitcher plant	Species	http://ncicb.nci.nih.gov/xml/owl/EVS/Thesaurus.owl#C45293
MTBLS487	tissue type	Tissue	http://ncicb.nci.nih.gov/xml/owl/EVS/Thesaurus.owl#C12801
MTBLS492	wetting time	timepoint	http://www.ebi.ac.uk/efo/EFO_0000724
MTBLS492	successional stage	Ecological succession	http://localhost/plosthes.2017-1#11517
MTBLS493	Run order	Run order	
MTBLS496	methanol extract	Concentration	http://ncicb.nci.nih.gov/xml/owl/EVS/Thesaurus.owl#C41185
MTBLS516	Reperfusion time	timepoint	http://www.ebi.ac.uk/efo/EFO_0000724
MTBLS517	Run order	Run	http://ncicb.nci.nih.gov/xml/owl/EVS/Thesaurus.owl#C47911
MTBLS517	Batch run order	Batch	http://ncicb.nci.nih.gov/xml/owl/EVS/Thesaurus.owl#C67073
MTBLS517	Artemether treatment	Therapeutic Procedure	http://ncicb.nci.nih.gov/xml/owl/EVS/Thesaurus.owl#C49236
MTBLS518	Run order	Run	http://ncicb.nci.nih.gov/xml/owl/EVS/Thesaurus.owl#C47911
MTBLS518	Batch run order	Batch	http://ncicb.nci.nih.gov/xml/owl/EVS/Thesaurus.owl#C67073
MTBLS518	Artemether treatment	Therapeutic Procedure	http://ncicb.nci.nih.gov/xml/owl/EVS/Thesaurus.owl#C49236
MTBLS519	Time elapsed	timepoint	http://www.ebi.ac.uk/efo/EFO_0000724
MTBLS520	Exposition		
MTBLS520	Light conditions	light	http://www.ebi.ac.uk/efo/EFO_0000568
MTBLS520	Sample batch number	block	http://www.ebi.ac.uk/efo/EFO_0005067
MTBLS520	LCMS date	Date	http://ncicb.nci.nih.gov/xml/owl/EVS/Thesaurus.owl#C25164
MTBLS520	Sample date	Date	http://ncicb.nci.nih.gov/xml/owl/EVS/Thesaurus.owl#C25164
MTBLS520	Collection Season	Season	http://ncicb.nci.nih.gov/xml/owl/EVS/Thesaurus.owl#C94729
MTBLS520	Plant development stage	whole plant development stage	http://purl.obolibrary.org/obo/PO_0007033
MTBLS522	herbal supplements	Dietary Supplements	http://purl.bioontology.org/ontology/MESH/D019587
MTBLS526	Coronatine treatment	timepoint	http://www.ebi.ac.uk/efo/EFO_0000724
MTBLS527	UVB exposure	UV Radiation Exposure	http://ncicb.nci.nih.gov/xml/owl/EVS/Thesaurus.owl#C44462
MTBLS529	Country of origin	geographic location	http://purl.obolibrary.org/obo/GAZ_00000448
MTBLS529	Population ID	population	http://purl.obolibrary.org/obo/OBI_0000181
MTBLS529	MFFGC accession no.	Accession Number	http://ncicb.nci.nih.gov/xml/owl/EVS/Thesaurus.owl#C25402
MTBLS530	brain region	Anatomic Site	http://ncicb.nci.nih.gov/xml/owl/EVS/Thesaurus.owl#C13717
MTBLS532	Sample dry weight	Dry Weight	http://scai.fraunhofer.de/CSEO#CSEO_00001024
MTBLS532	Run order	Run order	
MTBLS538	Stress duration	timepoint	http://www.ebi.ac.uk/efo/EFO_0000724
MTBLS538	Symbiotic partner	Group	http://ncicb.nci.nih.gov/xml/owl/EVS/Thesaurus.owl#C43359
MTBLS538	Temperature treatment 	treatment	http://www.ebi.ac.uk/efo/EFO_0000727
MTBLS538	Stable isotope	Isotope	http://ncicb.nci.nih.gov/xml/owl/EVS/Thesaurus.owl#C47933
MTBLS539	Time post exposure	timepoint	http://www.ebi.ac.uk/efo/EFO_0000724
MTBLS541	Oxygen Level	Hypoxia	http://ncicb.nci.nih.gov/xml/owl/EVS/Thesaurus.owl#C3890
MTBLS541	Cell or Tumour	neoplasm	http://www.ebi.ac.uk/efo/EFO_0000616
MTBLS542	Run order	Run	http://ncicb.nci.nih.gov/xml/owl/EVS/Thesaurus.owl#C47911
MTBLS542	Batch run order	Batch	http://ncicb.nci.nih.gov/xml/owl/EVS/Thesaurus.owl#C67073
MTBLS542	Mean Pearsons Correlation	Pearson Correlation Test	http://ncicb.nci.nih.gov/xml/owl/EVS/Thesaurus.owl#C53244
MTBLS542	Artemether treatment	Therapeutic Procedure	http://ncicb.nci.nih.gov/xml/owl/EVS/Thesaurus.owl#C49236
MTBLS549	fasting time	timepoint	http://www.ebi.ac.uk/efo/EFO_0000724
MTBLS553	Replicates	replicate	http://www.ebi.ac.uk/efo/EFO_0000683
MTBLS555	Plant genotype	genotype	http://www.ebi.ac.uk/efo/EFO_0000513
MTBLS555	Bacterial strain	genotype	http://www.ebi.ac.uk/efo/EFO_0000513
MTBLS558	MS format	mzML format	http://purl.obolibrary.org/obo/MS_1000584
MTBLS559	Aza treatment	treatment	http://www.ebi.ac.uk/efo/EFO_0000727
MTBLS559	Hxa treatment 	treatment	http://www.ebi.ac.uk/efo/EFO_0000727
MTBLS560	Apparent metabolisable energy	Digestion	http://ncicb.nci.nih.gov/xml/owl/EVS/Thesaurus.owl#C16503
MTBLS560	Coefficient of digestive utilisation of starch	feed starch apparent digestibility	http://purl.org/obo/owlATOL_0001236
MTBLS560	Coefficient of digestive utilisation of lipids	feed lipid apparent digestibility	http://purl.org/obo/owlATOL_0001249
MTBLS560	Coefficient of digestive utilisation of nitrogen	feed nitrogen apparent digestibility	http://purl.org/obo/owlATOL_0001245
MTBLS574	phenotype ID	phenotype	http://www.ebi.ac.uk/efo/EFO_0000651
MTBLS579	Carriage status	Group	http://ncicb.nci.nih.gov/xml/owl/EVS/Thesaurus.owl#C43359
MTBLS579	Analytical run order	Run order	
MTBLS579	Right upper quadrant pain	Boolean	http://ncicb.nci.nih.gov/xml/owl/EVS/Thesaurus.owl#C45254
MTBLS579	Right upper quadrand tenderness	Boolean	http://ncicb.nci.nih.gov/xml/owl/EVS/Thesaurus.owl#C45254
MTBLS579	Fever 5 days on entry	Boolean	http://ncicb.nci.nih.gov/xml/owl/EVS/Thesaurus.owl#C45254
MTBLS579	Previous history of typhoid	Boolean	http://ncicb.nci.nih.gov/xml/owl/EVS/Thesaurus.owl#C45254
MTBLS579	Antibiotics 15 days	Boolean	http://ncicb.nci.nih.gov/xml/owl/EVS/Thesaurus.owl#C45254
MTBLS579	Jaundice at admission	Boolean	http://ncicb.nci.nih.gov/xml/owl/EVS/Thesaurus.owl#C45254
MTBLS579	Previous jaundice	Boolean	http://ncicb.nci.nih.gov/xml/owl/EVS/Thesaurus.owl#C45254
MTBLS579	Previous acute cholecystitis	Boolean	http://ncicb.nci.nih.gov/xml/owl/EVS/Thesaurus.owl#C45254
MTBLS579	Previous hospital due to cholecystitis	Boolean	http://ncicb.nci.nih.gov/xml/owl/EVS/Thesaurus.owl#C45254
MTBLS579	Gallbladder tissue thickness	Thickness	http://ncicb.nci.nih.gov/xml/owl/EVS/Thesaurus.owl#C41145
MTBLS579	Treatment with inj. Cefazoline	Boolean	http://ncicb.nci.nih.gov/xml/owl/EVS/Thesaurus.owl#C45254
MTBLS579	Total cell count	total white blood cell count	http://purl.obolibrary.org/obo/CMO_0000365
MTBLS579	Eosiniphils	volume percentage	http://purl.obolibrary.org/obo/UO_0000165
MTBLS579	Conjugated bilirubin	Concentration	http://ncicb.nci.nih.gov/xml/owl/EVS/Thesaurus.owl#C41185
MTBLS581	Extract Type	Extract	http://ncicb.nci.nih.gov/xml/owl/EVS/Thesaurus.owl#C82948
MTBLS581	Technical Replicates	technical replicate	http://www.ebi.ac.uk/efo/EFO_0002090
MTBLS591	COPD GOLD Stage	FEV1 Stage	
MTBLS597	replicates	Replicate	http://ncicb.nci.nih.gov/xml/owl/EVS/Thesaurus.owl#C28038
MTBLS598	Frailty Index Score	Frailty Index score	http://purl.bioontology.org/ontology/SNOMEDCT/713636003
MTBLS602	time of treatment	timepoint	http://www.ebi.ac.uk/efo/EFO_0000724
MTBLS618	Time post infection	timepoint	http://www.ebi.ac.uk/efo/EFO_0000724
MTBLS620	Disease status	disease	http://www.ebi.ac.uk/efo/EFO_0000408
MTBLS620	Antibody status	antibody	http://www.bioassayontology.org/bao#BAO_0000502
MTBLS622	Virus treatment	treatment	http://www.ebi.ac.uk/efo/EFO_0000727
MTBLS626	Tissue type	Tissue	http://ncicb.nci.nih.gov/xml/owl/EVS/Thesaurus.owl#C12801
MTBLS629	Experimental group	treatment	http://www.ebi.ac.uk/efo/EFO_0000727
MTBLS630	Time elapsed	timepoint	http://www.ebi.ac.uk/efo/EFO_0000724
MTBLS630	Presence of polymyxin	Boolean	http://ncicb.nci.nih.gov/xml/owl/EVS/Thesaurus.owl#C45254
MTBLS631	Experimental group	treatment	http://www.ebi.ac.uk/efo/EFO_0000727
MTBLS633	Experimental group	treatment	http://www.ebi.ac.uk/efo/EFO_0000727
MTBLS634	Experimental group	treatment	http://www.ebi.ac.uk/efo/EFO_0000727
MTBLS640	Stereotactic Injection 	Stereotactic Injection	http://ncicb.nci.nih.gov/xml/owl/EVS/Thesaurus.owl#C93194
MTBLS641	Total mass injected	mass	http://purl.obolibrary.org/obo/PATO_0000125
MTBLS643	Sampling Day	timepoint	http://www.ebi.ac.uk/efo/EFO_0000724
MTBLS654	Kimchi	Group	http://ncicb.nci.nih.gov/xml/owl/EVS/Thesaurus.owl#C43359
MTBLS658	Cell Number	Cell Count	http://ncicb.nci.nih.gov/xml/owl/EVS/Thesaurus.owl#C48938
MTBLS658	Incubation Time	timepoint	http://www.ebi.ac.uk/efo/EFO_0000724
MTBLS664	Run order	Run	http://ncicb.nci.nih.gov/xml/owl/EVS/Thesaurus.owl#C47911
MTBLS664	Batch run order	Batch	http://ncicb.nci.nih.gov/xml/owl/EVS/Thesaurus.owl#C67073
MTBLS664	Freeze-Thaw		
MTBLS664	Well Position	Position	http://ncicb.nci.nih.gov/xml/owl/EVS/Thesaurus.owl#C104788
MTBLS665	Run order	Run	http://ncicb.nci.nih.gov/xml/owl/EVS/Thesaurus.owl#C47911
MTBLS665	Batch run order	Batch	http://ncicb.nci.nih.gov/xml/owl/EVS/Thesaurus.owl#C67073
MTBLS665	Previous Malaria Infection	acquired immunity to malaria	http://purl.obolibrary.org/obo/IDOMAL_0000543
MTBLS672	starvation period	timepoint	http://www.ebi.ac.uk/efo/EFO_0000724
MTBLS673	Feeding Diets	diet	http://www.ebi.ac.uk/efo/EFO_0002755
MTBLS687	Fertilized / unfertilized		
MTBLS687	Plot type	Land use	
MTBLS687	Plot type_Explo_fert		
MTBLS687	Species explo		
MTBLS687	Exploratory	geographic location	http://purl.obolibrary.org/obo/GAZ_00000448
MTBLS691	Well Position	position	
MTBLS691	Arthemeter Treatment	treatment	
MTBLS696	Infected	Boolean	http://ncicb.nci.nih.gov/xml/owl/EVS/Thesaurus.owl#C45254
MTBLS699	flowering period	timepoint	http://www.ebi.ac.uk/efo/EFO_0000724
MTBLS699	LED PPF	photosynthetic photon flux density	
MTBLS706	gentotype	gene knockdown by RNA interference	http://www.bioassayontology.org/bao#BAO_0002434
MTBLS720	Amino acid supplementation	Nutritional Supplementation	http://ncicb.nci.nih.gov/xml/owl/EVS/Thesaurus.owl#C15425
MTBLS723	Gene knock-out	gene knock out	http://www.ebi.ac.uk/efo/EFO_0000506
MTBLS737	tumor and non tumor renal cell line	Cell Line	http://ncicb.nci.nih.gov/xml/owl/EVS/Thesaurus.owl#C16403
MTBLS743	Group name	Group	http://purl.bioontology.org/ontology/STY/T096
MTBLS743	Disease state	Disease	http://purl.bioontology.org/ontology/MESH/D004194
MTBLS762	MERS-CoV infection	Middle East respiratory syndrome	http://purl.bioontology.org/ontology/MEDDRA/10075271
MTBLS762	AM580-treatment	treatment	http://www.ebi.ac.uk/efo/EFO_0000727
MTBLS763	Stress status	Stress	http://ncicb.nci.nih.gov/xml/owl/EVS/Thesaurus.owl#C35041
MTBLS770	Sampling time post infection	timepoint	http://www.ebi.ac.uk/efo/EFO_0000724
MTBLS771	Spiking level	spiking	http://purl.obolibrary.org/obo/CHMO_0002852
MTBLS771	Geographical origin	Origin	http://purl.bioontology.org/ontology/LNC/LP62760-1
MTBLS771	Spiking mix	spiking	http://purl.obolibrary.org/obo/CHMO_0002852
MTBLS771	Injection order	Injection order	
MTBLS772	Spiking level	spiking	http://purl.obolibrary.org/obo/CHMO_0002852
MTBLS772	Geographical origin	Origin	http://purl.bioontology.org/ontology/LNC/LP62760-1
MTBLS772	Spiking mix	spiking	http://purl.obolibrary.org/obo/CHMO_0002852
MTBLS772	Injection order	Injection order	
MTBLS780	Extracellular/Intracellular	intracellular	http://purl.obolibrary.org/obo/GO_0005622
MTBLS797	Plant collection	Date	http://ncicb.nci.nih.gov/xml/owl/EVS/Thesaurus.owl#C25164
MTBLS826	Step modification	Step	http://ncicb.nci.nih.gov/xml/owl/EVS/Thesaurus.owl#C48176
MTBLS839	TMS reagent	reagent	http://purl.obolibrary.org/obo/CHEBI_33893
MTBLS844	Sediment Depth	Depth	http://ncicb.nci.nih.gov/xml/owl/EVS/Thesaurus.owl#C25333
MTBLS862	Extraction Solvent	solvent	http://purl.obolibrary.org/obo/CHEBI_46787
MTBLS862	Metabolism Preservation Method	Biospecimen preservation method	http://purl.org/net/OCRe/OCRe.owl#OCRE400020
MTBLS862	Subsampling Method	Subsampling Method	
MTBLS869	Tumour grade	Tumour grade	
